itemId,locationId,lookAheadDur,hasinfiniteSupply,isStorable,onHandPostDate,unitInvCarryCost,receivingHandlingCost,shippingHandlingCost,safetyStockRuleCode,minShelfLifeDur,mfgDur,safetyStockTemplate,resourceId,priceCalendar,businessInstanceId,shelfLifeDur,dynamicDeployDur,incrStockOutCost,shortageDur,shortageSafetyStockFactor,surplusRestockCost,surplusSafetyStockFactor,initialStockOutCost,shelfLifeRule,residualShelfLifeDur,maxShelfLifeDur,minEffShelfLifeDur,maxWasteFactor,minimumCovDur,respectDistrDemandEndDate,minShipmentShelfLifeDur,isPlanArrivalExpectedDate,planInfeasibleOption,vllTolerance,receiptCovDur,receiptFrozenDur,drpRule,drpTimeFenceDate,drpTimeFenceDur,expirationDate,incrDrpQuantity,minDrpQuantity,maximumCovDur,maxOnHandQty,maxOnhandRule,orderPointMinDur,orderPointMinQty,orderPointMinRule,orderPointRule,useOrderSkuDetail,maxOrderDur,maxOrderQty,maxOrderRule,planDuration,workingCalendar,planLeadTimeRule,allocationCalendar,custOrderDur,demandUpToDate,fcstAdjustmentRule,fcstConsumptionRule,primaryFcstConsumptionDur,secondaryFcstConsumptionDur,doesProrateAllocFcst,prorationDur,ATTRIBUTE_6,effFromDateTime,ATTRIBUTE_5,ATTRIBUTE_3,ATTRIBUTE_10,effUpToDateTime,ATTRIBUTE_8,U_SELLING_PRICE,ATTRIBUTE_2,unitCost,ATTRIBUTE_1,ATTRIBUTE_4,ATTRIBUTE_9,ATTRIBUTE_7
CSFGIE01,Copacker1,0,0,1,2023-08-07,0,0,0,11,0,0, ,, ,0,0,0,,0,1,0,0,0,1,0,0,0,999,0,1,0,0,1,0,10080,0,1,1970-01-01,0,1970-01-01,1,0,1048320,999999,1,0,0,1,2,0,0,0,1,524160, ,2, ,0,0,1,1,1440,1440,0,0,,,,,,,,0,,0.15,CPG,,,
CSFGIE01,Copacker2,0,0,1,2023-08-07,0,0,0,11,0,0, ,, ,0,0,0,,0,1,0,0,0,1,0,0,0,999,0,1,0,0,1,0,10080,0,1,1970-01-01,0,1970-01-01,1,0,1048320,999999,1,0,0,1,2,0,0,0,1,524160, ,2, ,0,0,1,1,1440,1440,0,0,,,,,,,,0,,0.15,CPG,,,
CSFGIE01,External_Copacker,0,0,1,2023-08-07,0,0,0,11,0,0, ,, ,0,0,0,,0,1,0,0,0,1,0,0,0,999,0,1,0,0,1,0,10080,0,1,1970-01-01,0,1970-01-01,1,0,1048320,999999,1,0,0,1,2,0,0,0,1,524160, ,2, ,0,0,1,1,1440,1440,0,0,,,,,,,,0,,0.15,CPG,,,
CSFGIC01,Plant1,40320,0,1,2023-08-07,0,0,0,11,0,0, ,, ,0,0,0,,0,1,0,0,0,1,0,0,0,999,0,1,0,0,1,0,10080,0,1,1970-01-01,0,1970-01-01,1,0,1048320,999999,1,0,0,1,2,0,0,0,1,524160, ,2, ,0,0,1,1,1440,1440,0,0,,,,,,,,0,,0.15,CPG,,,
CSFGIC01,Copacker1,0,0,1,2023-08-07,0,0,0,11,0,0, ,, ,0,0,0,,0,1,0,0,0,1,0,0,0,999,0,1,0,0,1,0,10080,0,1,1970-01-01,0,1970-01-01,1,0,1048320,999999,1,0,0,1,2,0,0,0,1,524160, ,2, ,0,0,1,1,1440,1440,0,0,,,,,,,,0,,0.15,CPG,,,
CSFGIC01,Plant2,0,0,1,2023-08-07,0,0,0,11,0,0, ,, ,0,0,0,,0,1,0,0,0,1,0,0,0,999,0,1,0,0,1,0,10080,0,1,1970-01-01,0,1970-01-01,1,0,1048320,999999,1,0,0,1,2,0,0,0,1,524160, ,2, ,0,0,1,1,1440,1440,0,0,,,,,,,,0,,0.15,CPG,,,
CSFGIC01,Copacker2,0,0,1,2023-08-07,0,0,0,11,0,0, ,, ,0,0,0,,0,1,0,0,0,1,0,0,0,999,0,1,0,0,1,0,10080,0,1,1970-01-01,0,1970-01-01,1,0,1048320,999999,1,0,0,1,2,0,0,0,1,524160, ,2, ,0,0,1,1,1440,1440,0,0,,,,,,,,0,,0.15,CPG,,,
CSFGIC01,External_Copacker,0,0,1,2023-08-07,0,0,0,11,0,0, ,, ,0,0,0,,0,1,0,0,0,1,0,0,0,999,0,1,0,0,1,0,10080,0,1,1970-01-01,0,1970-01-01,1,0,1048320,999999,1,0,0,1,2,0,0,0,1,524160, ,2, ,0,0,1,1,1440,1440,0,0,,,,,,,,0,,0.15,CPG,,,
CSFGBE10,Copacker1,0,0,1,2023-08-07,0,0,0,9,0,0, ,, ,0,0,0,,0,1,0,0,0,1,0,0,0,999,0,1,0,0,1,0,10080,0,1,1970-01-01,0,1970-01-01,1,0,1048320,999999,1,0,0,1,2,0,0,0,1,524160, ,2, ,0,0,1,1,1440,1440,0,0,,,,,,,,0,,0.3,CPG,,,
CSFGBE09,Copacker1,0,0,1,2023-08-07,0,0,0,11,0,0, ,, ,0,0,0,,0,1,0,0,0,1,0,0,0,999,0,1,0,0,1,0,10080,0,1,1970-01-01,0,1970-01-01,1,0,1048320,999999,1,0,0,1,2,0,0,0,1,524160, ,2, ,0,0,1,1,1440,1440,0,0,,,,,,,,0,,0.15,CPG,,,
CSFGBE09,Copacker2,0,0,1,2023-08-07,0,0,0,11,0,0, ,, ,0,0,0,,0,1,0,0,0,1,0,0,0,999,0,1,0,0,1,0,10080,0,1,1970-01-01,0,1970-01-01,1,0,1048320,999999,1,0,0,1,2,0,0,0,1,524160, ,2, ,0,0,1,1,1440,1440,0,0,,,,,,,,0,,0.15,CPG,,,
CSFGBE09,External_Copacker,0,0,1,2023-08-07,0,0,0,11,0,0, ,, ,0,0,0,,0,1,0,0,0,1,0,0,0,999,0,1,0,0,1,0,10080,0,1,1970-01-01,0,1970-01-01,1,0,1048320,999999,1,0,0,1,2,0,0,0,1,524160, ,2, ,0,0,1,1,1440,1440,0,0,,,,,,,,0,,0.15,CPG,,,
CSFGBE08,Copacker1,0,0,1,2023-08-07,0,0,0,11,0,0, ,, ,0,0,0,,0,1,0,0,0,1,0,0,0,999,0,1,0,0,1,0,10080,0,1,1970-01-01,0,1970-01-01,1,0,1048320,999999,1,0,0,1,2,0,0,0,1,524160, ,2, ,0,0,1,1,1440,1440,0,0,,,,,,,,0,,0.15,CPG,,,
CSFGBE08,Copacker2,0,0,1,2023-08-07,0,0,0,11,0,0, ,, ,0,0,0,,0,1,0,0,0,1,0,0,0,999,0,1,0,0,1,0,10080,0,1,1970-01-01,0,1970-01-01,1,0,1048320,999999,1,0,0,1,2,0,0,0,1,524160, ,2, ,0,0,1,1,1440,1440,0,0,,,,,,,,0,,0.15,CPG,,,
CSFGBE08,External_Copacker,0,0,1,2023-08-07,0,0,0,11,0,0, ,, ,0,0,0,,0,1,0,0,0,1,0,0,0,999,0,1,0,0,1,0,10080,0,1,1970-01-01,0,1970-01-01,1,0,1048320,999999,1,0,0,1,2,0,0,0,1,524160, ,2, ,0,0,1,1,1440,1440,0,0,,,,,,,,0,,0.15,CPG,,,
CSFGBE07,Copacker1,0,0,1,2023-08-07,0,0,0,11,0,0, ,, ,0,0,0,,0,1,0,0,0,1,0,0,0,999,0,1,0,0,1,0,10080,0,1,1970-01-01,0,1970-01-01,1,0,1048320,999999,1,0,0,1,2,0,0,0,1,524160, ,2, ,0,0,1,1,1440,1440,0,0,,,,,,,,0,,0.15,CPG,,,
CSFGBE07,Copacker2,0,0,1,2023-08-07,0,0,0,11,0,0, ,, ,0,0,0,,0,1,0,0,0,1,0,0,0,999,0,1,0,0,1,0,10080,0,1,1970-01-01,0,1970-01-01,1,0,1048320,999999,1,0,0,1,2,0,0,0,1,524160, ,2, ,0,0,1,1,1440,1440,0,0,,,,,,,,0,,0.15,CPG,,,
CSFGBE07,External_Copacker,0,0,1,2023-08-07,0,0,0,11,0,0, ,, ,0,0,0,,0,1,0,0,0,1,0,0,0,999,0,1,0,0,1,0,10080,0,1,1970-01-01,0,1970-01-01,1,0,1048320,999999,1,0,0,1,2,0,0,0,1,524160, ,2, ,0,0,1,1,1440,1440,0,0,,,,,,,,0,,0.15,CPG,,,
CSFGBE04,Copacker2,0,0,1,2023-08-07,0,0,0,11,0,0, ,, ,0,0,0,,0,1,0,0,0,1,0,0,0,999,0,1,0,0,1,0,10080,0,1,1970-01-01,0,1970-01-01,1,0,1048320,999999,1,0,0,1,2,0,0,0,1,524160, ,2, ,0,0,1,1,1440,1440,0,0,,,,,,,,0,,0.15,CPG,,,
CSFGBE04,Copacker1,0,0,1,2023-08-07,0,0,0,11,0,0, ,, ,0,0,0,,0,1,0,0,0,1,0,0,0,999,0,1,0,0,1,0,10080,0,1,1970-01-01,0,1970-01-01,1,0,1048320,999999,1,0,0,1,2,0,0,0,1,524160, ,2, ,0,0,1,1,1440,1440,0,0,,,,,,,,0,,0.15,CPG,,,
CSFGBE04,External_Copacker,0,0,1,2023-08-07,0,0,0,11,0,0, ,, ,0,0,0,,0,1,0,0,0,1,0,0,0,999,0,1,0,0,1,0,10080,0,1,1970-01-01,0,1970-01-01,1,0,1048320,999999,1,0,0,1,2,0,0,0,1,524160, ,2, ,0,0,1,1,1440,1440,0,0,,,,,,,,0,,0.15,CPG,,,
CSFGBE03,Copacker2,0,0,1,2023-08-07,0,0,0,11,0,0, ,, ,0,0,0,,0,1,0,0,0,1,0,0,0,999,0,1,0,0,1,0,10080,0,1,1970-01-01,0,1970-01-01,1,0,1048320,999999,1,0,0,1,2,0,0,0,1,524160, ,2, ,0,0,1,1,1440,1440,0,0,,,,,,,,0,,0.15,CPG,,,
CSFGBE03,Copacker1,0,0,1,2023-08-07,0,0,0,11,0,0, ,, ,0,0,0,,0,1,0,0,0,1,0,0,0,999,0,1,0,0,1,0,10080,0,1,1970-01-01,0,1970-01-01,1,0,1048320,999999,1,0,0,1,2,0,0,0,1,524160, ,2, ,0,0,1,1,1440,1440,0,0,,,,,,,,0,,0.15,CPG,,,
CSFGBE03,External_Copacker,0,0,1,2023-08-07,0,0,0,11,0,0, ,, ,0,0,0,,0,1,0,0,0,1,0,0,0,999,0,1,0,0,1,0,10080,0,1,1970-01-01,0,1970-01-01,1,0,1048320,999999,1,0,0,1,2,0,0,0,1,524160, ,2, ,0,0,1,1,1440,1440,0,0,,,,,,,,0,,0.15,CPG,,,
CSFGBE02,Copacker1,0,0,1,2023-08-07,0,0,0,11,0,0, ,, ,0,0,0,,0,1,0,0,0,1,0,0,0,999,0,1,0,0,1,0,10080,0,1,1970-01-01,0,1970-01-01,1,0,1048320,999999,1,0,0,1,2,0,0,0,1,524160, ,2, ,0,0,1,1,1440,1440,0,0,,,,,,,,0,,0.15,CPG,,,
CSFGBE02,Copacker2,0,0,1,2023-08-07,0,0,0,11,0,0, ,, ,0,0,0,,0,1,0,0,0,1,0,0,0,999,0,1,0,0,1,0,10080,0,1,1970-01-01,0,1970-01-01,1,0,1048320,999999,1,0,0,1,2,0,0,0,1,524160, ,2, ,0,0,1,1,1440,1440,0,0,,,,,,,,0,,0.15,CPG,,,
CSFGBE02,External_Copacker,0,0,1,2023-08-07,0,0,0,11,0,0, ,, ,0,0,0,,0,1,0,0,0,1,0,0,0,999,0,1,0,0,1,0,10080,0,1,1970-01-01,0,1970-01-01,1,0,1048320,999999,1,0,0,1,2,0,0,0,1,524160, ,2, ,0,0,1,1,1440,1440,0,0,,,,,,,,0,,0.15,CPG,,,
CSFGBE01,Copacker1,0,0,1,2023-08-07,0,0,0,11,0,0, ,, ,0,0,0,,0,1,0,0,0,1,0,0,0,999,0,1,0,0,1,0,10080,0,1,1970-01-01,0,1970-01-01,1,0,1048320,999999,1,0,0,1,2,0,0,0,1,524160, ,2, ,0,0,1,1,1440,1440,0,0,,,,,,,,0,,0.15,CPG,,,
CSFGBE01,Copacker2,0,0,1,2023-08-07,0,0,0,11,0,0, ,, ,0,0,0,,0,1,0,0,0,1,0,0,0,999,0,1,0,0,1,0,10080,0,1,1970-01-01,0,1970-01-01,1,0,1048320,999999,1,0,0,1,2,0,0,0,1,524160, ,2, ,0,0,1,1,1440,1440,0,0,,,,,,,,0,,0.15,CPG,,,
CSFGBE01,External_Copacker,0,0,1,2023-08-07,0,0,0,11,0,0, ,, ,0,0,0,,0,1,0,0,0,1,0,0,0,999,0,1,0,0,1,0,10080,0,1,1970-01-01,0,1970-01-01,1,0,1048320,999999,1,0,0,1,2,0,0,0,1,524160, ,2, ,0,0,1,1,1440,1440,0,0,,,,,,,,0,,0.15,CPG,,,
CSFGBC10,Plant1,40320,0,1,2023-08-07,0,0,0,9,0,0, ,, ,0,0,0,,0,1,0,0,0,1,0,0,0,999,0,1,0,0,1,0,10080,0,1,1970-01-01,0,1970-01-01,1,0,1048320,999999,1,0,0,1,2,0,0,0,1,524160, ,2, ,0,0,1,1,1440,1440,0,0,,,,,,,,0,,0.3,CPG,,,
CSFGBC10,Copacker1,0,0,1,2023-08-07,0,0,0,9,0,0, ,, ,0,0,0,,0,1,0,0,0,1,0,0,0,999,0,1,0,0,1,0,10080,0,1,1970-01-01,0,1970-01-01,1,0,1048320,999999,1,0,0,1,2,0,0,0,1,524160, ,2, ,0,0,1,1,1440,1440,0,0,,,,,,,,0,,0.3,CPG,,,
CSFGBC04,Plant1,40320,0,1,2023-08-07,0,0,0,11,0,0, ,, ,0,0,0,,0,1,0,0,0,1,0,0,0,999,0,1,0,0,1,0,10080,0,1,1970-01-01,0,1970-01-01,1,0,1048320,999999,1,0,0,1,2,0,0,0,1,524160, ,2, ,0,0,1,1,1440,1440,0,0,,,,,,,,0,,0.15,CPG,,,
CSFGBC04,Copacker1,0,0,1,2023-08-07,0,0,0,11,0,0, ,, ,0,0,0,,0,1,0,0,0,1,0,0,0,999,0,1,0,0,1,0,10080,0,1,1970-01-01,0,1970-01-01,1,0,1048320,999999,1,0,0,1,2,0,0,0,1,524160, ,2, ,0,0,1,1,1440,1440,0,0,,,,,,,,0,,0.15,CPG,,,
CSFGBC04,Plant2,0,0,1,2023-08-07,0,0,0,11,0,0, ,, ,0,0,0,,0,1,0,0,0,1,0,0,0,999,0,1,0,0,1,0,10080,0,1,1970-01-01,0,1970-01-01,1,0,1048320,999999,1,0,0,1,2,0,0,0,1,524160, ,2, ,0,0,1,1,1440,1440,0,0,,,,,,,,0,,0.15,CPG,,,
CSFGBC04,Copacker2,0,0,1,2023-08-07,0,0,0,11,0,0, ,, ,0,0,0,,0,1,0,0,0,1,0,0,0,999,0,1,0,0,1,0,10080,0,1,1970-01-01,0,1970-01-01,1,0,1048320,999999,1,0,0,1,2,0,0,0,1,524160, ,2, ,0,0,1,1,1440,1440,0,0,,,,,,,,0,,0.15,CPG,,,
CSFGBC04,External_Copacker,0,0,1,2023-08-07,0,0,0,11,0,0, ,, ,0,0,0,,0,1,0,0,0,1,0,0,0,999,0,1,0,0,1,0,10080,0,1,1970-01-01,0,1970-01-01,1,0,1048320,999999,1,0,0,1,2,0,0,0,1,524160, ,2, ,0,0,1,1,1440,1440,0,0,,,,,,,,0,,0.15,CPG,,,
CSFGBC03,Plant2,0,0,1,2023-08-07,0,0,0,11,0,0, ,, ,0,0,0,,0,1,0,0,0,1,0,0,0,999,0,1,0,0,1,0,10080,0,1,1970-01-01,0,1970-01-01,1,0,1048320,999999,1,0,0,1,2,0,0,0,1,524160, ,2, ,0,0,1,1,1440,1440,0,0,,,,,,,,0,,0.15,CPG,,,
CSFGBC03,Copacker1,0,0,1,2023-08-07,0,0,0,11,0,0, ,, ,0,0,0,,0,1,0,0,0,1,0,0,0,999,0,1,0,0,1,0,10080,0,1,1970-01-01,0,1970-01-01,1,0,1048320,999999,1,0,0,1,2,0,0,0,1,524160, ,2, ,0,0,1,1,1440,1440,0,0,,,,,,,,0,,0.15,CPG,,,
CSFGBC03,Copacker2,0,0,1,2023-08-07,0,0,0,11,0,0, ,, ,0,0,0,,0,1,0,0,0,1,0,0,0,999,0,1,0,0,1,0,10080,0,1,1970-01-01,0,1970-01-01,1,0,1048320,999999,1,0,0,1,2,0,0,0,1,524160, ,2, ,0,0,1,1,1440,1440,0,0,,,,,,,,0,,0.15,CPG,,,
CSFGBC03,External_Copacker,0,0,1,2023-08-07,0,0,0,11,0,0, ,, ,0,0,0,,0,1,0,0,0,1,0,0,0,999,0,1,0,0,1,0,10080,0,1,1970-01-01,0,1970-01-01,1,0,1048320,999999,1,0,0,1,2,0,0,0,1,524160, ,2, ,0,0,1,1,1440,1440,0,0,,,,,,,,0,,0.15,CPG,,,
CSFGBC03,Plant1,40320,0,1,2023-08-07,0,0,0,11,0,0, ,, ,0,0,0,,0,1,0,0,0,1,0,0,0,999,0,1,0,0,1,0,10080,0,1,1970-01-01,0,1970-01-01,1,0,1048320,999999,1,0,0,1,2,0,0,0,1,524160, ,2, ,0,0,1,1,1440,1440,0,0,,,,,,,,0,,0.15,CPG,,,
CSFGBC02,Copacker2,0,0,1,2023-08-07,0,0,0,11,0,0, ,, ,0,0,0,,0,1,0,0,0,1,0,0,0,999,0,1,0,0,1,0,10080,0,1,1970-01-01,0,1970-01-01,1,0,1048320,999999,1,0,0,1,2,0,0,0,1,524160, ,2, ,0,0,1,1,1440,1440,0,0,,,,,,,,0,,0.15,CPG,,,
CSFGBC02,External_Copacker,0,0,1,2023-08-07,0,0,0,11,0,0, ,, ,0,0,0,,0,1,0,0,0,1,0,0,0,999,0,1,0,0,1,0,10080,0,1,1970-01-01,0,1970-01-01,1,0,1048320,999999,1,0,0,1,2,0,0,0,1,524160, ,2, ,0,0,1,1,1440,1440,0,0,,,,,,,,0,,0.15,CPG,,,
CSFGBC02,Plant1,40320,0,1,2023-08-07,0,0,0,11,0,0, ,, ,0,0,0,,0,1,0,0,0,1,0,0,0,999,0,1,0,0,1,0,10080,0,1,1970-01-01,0,1970-01-01,1,0,1048320,999999,1,0,0,1,2,0,0,0,1,524160, ,2, ,0,0,1,1,1440,1440,0,0,,,,,,,,0,,0.15,CPG,,,
CSFGBC02,Plant2,0,0,1,2023-08-07,0,0,0,11,0,0, ,, ,0,0,0,,0,1,0,0,0,1,0,0,0,999,0,1,0,0,1,0,10080,0,1,1970-01-01,0,1970-01-01,1,0,1048320,999999,1,0,0,1,2,0,0,0,1,524160, ,2, ,0,0,1,1,1440,1440,0,0,,,,,,,,0,,0.15,CPG,,,
CSFGBC02,Copacker1,0,0,1,2023-08-07,0,0,0,11,0,0, ,, ,0,0,0,,0,1,0,0,0,1,0,0,0,999,0,1,0,0,1,0,10080,0,1,1970-01-01,0,1970-01-01,1,0,1048320,999999,1,0,0,1,2,0,0,0,1,524160, ,2, ,0,0,1,1,1440,1440,0,0,,,,,,,,0,,0.15,CPG,,,
CSFGBC01,Plant1,40320,0,1,2023-08-07,0,0,0,11,0,0, ,Tank_Plant1_CSFGBC01, ,0,0,0,,0,1,0,0,0,1,0,0,0,999,0,1,0,0,1,0,10080,0,1,1970-01-01,0,1970-01-01,1,0,1048320,999999,1,0,0,1,2,0,0,0,1,524160, ,2, ,0,0,1,1,1440,1440,0,0,,,,,,,,0,,0.15,CPG,,,
CSFGBC01,Copacker1,0,0,1,2023-08-07,0,0,0,11,0,0, ,, ,0,0,0,,0,1,0,0,0,1,0,0,0,999,0,1,0,0,1,0,10080,0,1,1970-01-01,0,1970-01-01,1,0,1048320,999999,1,0,0,1,2,0,0,0,1,524160, ,2, ,0,0,1,1,1440,1440,0,0,,,,,,,,0,,0.15,CPG,,,
CSFGBC01,Plant2,0,0,1,2023-08-07,0,0,0,11,0,0, ,Tank_Plant2_CSFGBC01, ,0,0,0,,0,1,0,0,0,1,0,0,0,999,0,1,0,0,1,0,10080,0,1,1970-01-01,0,1970-01-01,1,0,1048320,999999,1,0,0,1,2,0,0,0,1,524160, ,2, ,0,0,1,1,1440,1440,0,0,,,,,,,,0,,0.15,CPG,,,
CSFGBC01,Copacker2,0,0,1,2023-08-07,0,0,0,11,0,0, ,, ,0,0,0,,0,1,0,0,0,1,0,0,0,999,0,1,0,0,1,0,10080,0,1,1970-01-01,0,1970-01-01,1,0,1048320,999999,1,0,0,1,2,0,0,0,1,524160, ,2, ,0,0,1,1,1440,1440,0,0,,,,,,,,0,,0.15,CPG,,,
CSFGBC01,External_Copacker,0,0,1,2023-08-07,0,0,0,11,0,0, ,, ,0,0,0,,0,1,0,0,0,1,0,0,0,999,0,1,0,0,1,0,10080,0,1,1970-01-01,0,1970-01-01,1,0,1048320,999999,1,0,0,1,2,0,0,0,1,524160, ,2, ,0,0,1,1,1440,1440,0,0,,,,,,,,0,,0.15,CPG,,,
CRMIP01,Copacker1,0,0,1,2023-08-07,0,0,0,11,0,0, ,, ,0,0,0,,0,1,0,0,0,1,0,0,0,999,0,1,0,0,1,0,10080,0,1,1970-01-01,0,1970-01-01,1,0,1048320,999999,1,0,0,1,2,0,0,0,1,524160, ,2, ,0,0,1,1,1440,1440,0,0,,,,,,,,0,,0.05,CPG,,,
CRMIP01,Copacker2,0,0,1,2023-08-07,0,0,0,11,0,0, ,, ,0,0,0,,0,1,0,0,0,1,0,0,0,999,0,1,0,0,1,0,10080,0,1,1970-01-01,0,1970-01-01,1,0,1048320,999999,1,0,0,1,2,0,0,0,1,524160, ,2, ,0,0,1,1,1440,1440,0,0,,,,,,,,0,,0.05,CPG,,,
CRMIP01,External_Copacker,0,0,1,2023-08-07,0,0,0,11,0,0, ,, ,0,0,0,,0,1,0,0,0,1,0,0,0,999,0,1,0,0,1,0,10080,0,1,1970-01-01,0,1970-01-01,1,0,1048320,999999,1,0,0,1,2,0,0,0,1,524160, ,2, ,0,0,1,1,1440,1440,0,0,,,,,,,,0,,0.05,CPG,,,
CRMID01,Copacker1,0,0,1,2023-08-07,0,0,0,11,0,0, ,, ,0,0,0,,0,1,0,0,0,1,0,0,0,999,0,1,0,0,1,0,10080,0,1,1970-01-01,0,1970-01-01,1,0,1048320,999999,1,0,0,1,2,0,0,0,1,524160, ,2, ,0,0,1,1,1440,1440,0,0,,,,,,,,0,,0.05,CPG,,,
CRMID01,Copacker2,0,0,1,2023-08-07,0,0,0,11,0,0, ,, ,0,0,0,,0,1,0,0,0,1,0,0,0,999,0,1,0,0,1,0,10080,0,1,1970-01-01,0,1970-01-01,1,0,1048320,999999,1,0,0,1,2,0,0,0,1,524160, ,2, ,0,0,1,1,1440,1440,0,0,,,,,,,,0,,0.05,CPG,,,
CRMID01,External_Copacker,0,0,1,2023-08-07,0,0,0,11,0,0, ,, ,0,0,0,,0,1,0,0,0,1,0,0,0,999,0,1,0,0,1,0,10080,0,1,1970-01-01,0,1970-01-01,1,0,1048320,999999,1,0,0,1,2,0,0,0,1,524160, ,2, ,0,0,1,1,1440,1440,0,0,,,,,,,,0,,0.05,CPG,,,
CRMIB01,Plant1,0,0,1,2023-08-07,0,0,0,11,0,0, ,, ,0,0,0,,0,1,0,0,0,1,0,0,0,999,0,1,0,0,1,0,10080,0,1,1970-01-01,0,1970-01-01,1,0,1048320,999999,1,0,0,1,2,0,0,0,1,524160, ,2, ,0,0,1,1,1440,1440,0,0,,,,,,,,0,,0.05,CPG,,,
CRMIB01,Plant2,0,0,1,2023-08-07,0,0,0,11,0,0, ,, ,0,0,0,,0,1,0,0,0,1,0,0,0,999,0,1,0,0,1,0,10080,0,1,1970-01-01,0,1970-01-01,1,0,1048320,999999,1,0,0,1,2,0,0,0,1,524160, ,2, ,0,0,1,1,1440,1440,0,0,,,,,,,,0,,0.05,CPG,,,
CRMIA01,Plant1,0,0,1,2023-08-07,0,0,0,11,0,0, ,, ,0,0,0,,0,1,0,0,0,1,0,0,0,999,0,1,0,0,1,0,10080,0,1,1970-01-01,0,1970-01-01,1,0,1048320,999999,1,0,0,1,2,0,0,0,1,524160, ,2, ,0,0,1,1,1440,1440,0,0,,,,,,,,0,,0.05,CPG,,,
CRMIA01,Plant2,0,0,1,2023-08-07,0,0,0,11,0,0, ,, ,0,0,0,,0,1,0,0,0,1,0,0,0,999,0,1,0,0,1,0,10080,0,1,1970-01-01,0,1970-01-01,1,0,1048320,999999,1,0,0,1,2,0,0,0,1,524160, ,2, ,0,0,1,1,1440,1440,0,0,,,,,,,,0,,0.05,CPG,,,
CRMCP02,Copacker1,0,0,1,2023-08-07,0,0,0,11,0,0, ,, ,0,0,0,,0,1,0,0,0,1,0,0,0,999,0,1,0,0,1,0,10080,0,1,1970-01-01,0,1970-01-01,1,0,1048320,999999,1,0,0,1,2,0,0,0,1,524160, ,2, ,0,0,1,1,1440,1440,0,0,,,,,,,,0,,0.05,CPG,,,
CRMCP02,Copacker2,0,0,1,2023-08-07,0,0,0,11,0,0, ,, ,0,0,0,,0,1,0,0,0,1,0,0,0,999,0,1,0,0,1,0,10080,0,1,1970-01-01,0,1970-01-01,1,0,1048320,999999,1,0,0,1,2,0,0,0,1,524160, ,2, ,0,0,1,1,1440,1440,0,0,,,,,,,,0,,0.05,CPG,,,
CRMCP02,External_Copacker,0,0,1,2023-08-07,0,0,0,11,0,0, ,, ,0,0,0,,0,1,0,0,0,1,0,0,0,999,0,1,0,0,1,0,10080,0,1,1970-01-01,0,1970-01-01,1,0,1048320,999999,1,0,0,1,2,0,0,0,1,524160, ,2, ,0,0,1,1,1440,1440,0,0,,,,,,,,0,,0.05,CPG,,,
CRMCP01,Copacker1,0,0,1,2023-08-07,0,0,0,11,0,0, ,, ,0,0,0,,0,1,0,0,0,1,0,0,0,999,0,1,0,0,1,0,10080,0,1,1970-01-01,0,1970-01-01,1,0,1048320,999999,1,0,0,1,2,0,0,0,1,524160, ,2, ,0,0,1,1,1440,1440,0,0,,,,,,,,0,,0.05,CPG,,,
CRMCP01,Copacker2,0,0,1,2023-08-07,0,0,0,11,0,0, ,, ,0,0,0,,0,1,0,0,0,1,0,0,0,999,0,1,0,0,1,0,10080,0,1,1970-01-01,0,1970-01-01,1,0,1048320,999999,1,0,0,1,2,0,0,0,1,524160, ,2, ,0,0,1,1,1440,1440,0,0,,,,,,,,0,,0.05,CPG,,,
CRMCP01,External_Copacker,0,0,1,2023-08-07,0,0,0,11,0,0, ,, ,0,0,0,,0,1,0,0,0,1,0,0,0,999,0,1,0,0,1,0,10080,0,1,1970-01-01,0,1970-01-01,1,0,1048320,999999,1,0,0,1,2,0,0,0,1,524160, ,2, ,0,0,1,1,1440,1440,0,0,,,,,,,,0,,0.05,CPG,,,
CRMBP12,Copacker1,0,0,1,2023-08-07,0,0,0,9,0,0, ,, ,0,0,0,,0,1,0,0,0,1,0,0,0,999,0,1,0,0,1,0,10080,0,1,1970-01-01,0,1970-01-01,1,0,1048320,999999,1,0,0,1,2,0,0,0,1,524160, ,2, ,0,0,1,1,1440,1440,0,0,,,,,,,,0,,0.1,CPG,,,
CRMBP11,Copacker1,0,0,1,2023-08-07,0,0,0,9,0,0, ,, ,0,0,0,,0,1,0,0,0,1,0,0,0,999,0,1,0,0,1,0,10080,0,1,1970-01-01,0,1970-01-01,1,0,1048320,999999,1,0,0,1,2,0,0,0,1,524160, ,2, ,0,0,1,1,1440,1440,0,0,,,,,,,,0,,0.1,CPG,,,
CRMBP10,Copacker1,0,0,1,2023-08-07,0,0,0,9,0,0, ,, ,0,0,0,,0,1,0,0,0,1,0,0,0,999,0,1,0,0,1,0,10080,0,1,1970-01-01,0,1970-01-01,1,0,1048320,999999,1,0,0,1,2,0,0,0,1,524160, ,2, ,0,0,1,1,1440,1440,0,0,,,,,,,,0,,0.1,CPG,,,
CRMBP09,Copacker1,0,0,1,2023-08-07,0,0,0,11,0,0, ,, ,0,0,0,,0,1,0,0,0,1,0,0,0,999,0,1,0,0,1,0,10080,0,1,1970-01-01,0,1970-01-01,1,0,1048320,999999,1,0,0,1,2,0,0,0,1,524160, ,2, ,0,0,1,1,1440,1440,0,0,,,,,,,,0,,0.05,CPG,,,
CRMBP09,Copacker2,0,0,1,2023-08-07,0,0,0,11,0,0, ,, ,0,0,0,,0,1,0,0,0,1,0,0,0,999,0,1,0,0,1,0,10080,0,1,1970-01-01,0,1970-01-01,1,0,1048320,999999,1,0,0,1,2,0,0,0,1,524160, ,2, ,0,0,1,1,1440,1440,0,0,,,,,,,,0,,0.05,CPG,,,
CRMBP09,External_Copacker,0,0,1,2023-08-07,0,0,0,11,0,0, ,, ,0,0,0,,0,1,0,0,0,1,0,0,0,999,0,1,0,0,1,0,10080,0,1,1970-01-01,0,1970-01-01,1,0,1048320,999999,1,0,0,1,2,0,0,0,1,524160, ,2, ,0,0,1,1,1440,1440,0,0,,,,,,,,0,,0.05,CPG,,,
CRMBP08,Copacker1,0,0,1,2023-08-07,0,0,0,11,0,0, ,, ,0,0,0,,0,1,0,0,0,1,0,0,0,999,0,1,0,0,1,0,10080,0,1,1970-01-01,0,1970-01-01,1,0,1048320,999999,1,0,0,1,2,0,0,0,1,524160, ,2, ,0,0,1,1,1440,1440,0,0,,,,,,,,0,,0.05,CPG,,,
CRMBP08,Copacker2,0,0,1,2023-08-07,0,0,0,11,0,0, ,, ,0,0,0,,0,1,0,0,0,1,0,0,0,999,0,1,0,0,1,0,10080,0,1,1970-01-01,0,1970-01-01,1,0,1048320,999999,1,0,0,1,2,0,0,0,1,524160, ,2, ,0,0,1,1,1440,1440,0,0,,,,,,,,0,,0.05,CPG,,,
CRMBP08,External_Copacker,0,0,1,2023-08-07,0,0,0,11,0,0, ,, ,0,0,0,,0,1,0,0,0,1,0,0,0,999,0,1,0,0,1,0,10080,0,1,1970-01-01,0,1970-01-01,1,0,1048320,999999,1,0,0,1,2,0,0,0,1,524160, ,2, ,0,0,1,1,1440,1440,0,0,,,,,,,,0,,0.05,CPG,,,
CRMBP07,Copacker1,0,0,1,2023-08-07,0,0,0,11,0,0, ,, ,0,0,0,,0,1,0,0,0,1,0,0,0,999,0,1,0,0,1,0,10080,0,1,1970-01-01,0,1970-01-01,1,0,1048320,999999,1,0,0,1,2,0,0,0,1,524160, ,2, ,0,0,1,1,1440,1440,0,0,,,,,,,,0,,0.05,CPG,,,
CRMBP07,Copacker2,0,0,1,2023-08-07,0,0,0,11,0,0, ,, ,0,0,0,,0,1,0,0,0,1,0,0,0,999,0,1,0,0,1,0,10080,0,1,1970-01-01,0,1970-01-01,1,0,1048320,999999,1,0,0,1,2,0,0,0,1,524160, ,2, ,0,0,1,1,1440,1440,0,0,,,,,,,,0,,0.05,CPG,,,
CRMBP07,External_Copacker,0,0,1,2023-08-07,0,0,0,11,0,0, ,, ,0,0,0,,0,1,0,0,0,1,0,0,0,999,0,1,0,0,1,0,10080,0,1,1970-01-01,0,1970-01-01,1,0,1048320,999999,1,0,0,1,2,0,0,0,1,524160, ,2, ,0,0,1,1,1440,1440,0,0,,,,,,,,0,,0.05,CPG,,,
CRMBP06,Copacker1,0,0,1,2023-08-07,0,0,0,11,0,0, ,, ,0,0,0,,0,1,0,0,0,1,0,0,0,999,0,1,0,0,1,0,10080,0,1,1970-01-01,0,1970-01-01,1,0,1048320,999999,1,0,0,1,2,0,0,0,1,524160, ,2, ,0,0,1,1,1440,1440,0,0,,,,,,,,0,,0.05,CPG,,,
CRMBP06,Copacker2,0,0,1,2023-08-07,0,0,0,11,0,0, ,, ,0,0,0,,0,1,0,0,0,1,0,0,0,999,0,1,0,0,1,0,10080,0,1,1970-01-01,0,1970-01-01,1,0,1048320,999999,1,0,0,1,2,0,0,0,1,524160, ,2, ,0,0,1,1,1440,1440,0,0,,,,,,,,0,,0.05,CPG,,,
CRMBP06,External_Copacker,0,0,1,2023-08-07,0,0,0,11,0,0, ,, ,0,0,0,,0,1,0,0,0,1,0,0,0,999,0,1,0,0,1,0,10080,0,1,1970-01-01,0,1970-01-01,1,0,1048320,999999,1,0,0,1,2,0,0,0,1,524160, ,2, ,0,0,1,1,1440,1440,0,0,,,,,,,,0,,0.05,CPG,,,
CRMBP05,Copacker1,0,0,1,2023-08-07,0,0,0,11,0,0, ,, ,0,0,0,,0,1,0,0,0,1,0,0,0,999,0,1,0,0,1,0,10080,0,1,1970-01-01,0,1970-01-01,1,0,1048320,999999,1,0,0,1,2,0,0,0,1,524160, ,2, ,0,0,1,1,1440,1440,0,0,,,,,,,,0,,0.05,CPG,,,
CRMBP05,Copacker2,0,0,1,2023-08-07,0,0,0,11,0,0, ,, ,0,0,0,,0,1,0,0,0,1,0,0,0,999,0,1,0,0,1,0,10080,0,1,1970-01-01,0,1970-01-01,1,0,1048320,999999,1,0,0,1,2,0,0,0,1,524160, ,2, ,0,0,1,1,1440,1440,0,0,,,,,,,,0,,0.05,CPG,,,
CRMBP05,External_Copacker,0,0,1,2023-08-07,0,0,0,11,0,0, ,, ,0,0,0,,0,1,0,0,0,1,0,0,0,999,0,1,0,0,1,0,10080,0,1,1970-01-01,0,1970-01-01,1,0,1048320,999999,1,0,0,1,2,0,0,0,1,524160, ,2, ,0,0,1,1,1440,1440,0,0,,,,,,,,0,,0.05,CPG,,,
CRMBP04,Copacker1,0,0,1,2023-08-07,0,0,0,11,0,0, ,, ,0,0,0,,0,1,0,0,0,1,0,0,0,999,0,1,0,0,1,0,10080,0,1,1970-01-01,0,1970-01-01,1,0,1048320,999999,1,0,0,1,2,0,0,0,1,524160, ,2, ,0,0,1,1,1440,1440,0,0,,,,,,,,0,,0.05,CPG,,,
CRMBP04,Copacker2,0,0,1,2023-08-07,0,0,0,11,0,0, ,, ,0,0,0,,0,1,0,0,0,1,0,0,0,999,0,1,0,0,1,0,10080,0,1,1970-01-01,0,1970-01-01,1,0,1048320,999999,1,0,0,1,2,0,0,0,1,524160, ,2, ,0,0,1,1,1440,1440,0,0,,,,,,,,0,,0.05,CPG,,,
CRMBP04,External_Copacker,0,0,1,2023-08-07,0,0,0,11,0,0, ,, ,0,0,0,,0,1,0,0,0,1,0,0,0,999,0,1,0,0,1,0,10080,0,1,1970-01-01,0,1970-01-01,1,0,1048320,999999,1,0,0,1,2,0,0,0,1,524160, ,2, ,0,0,1,1,1440,1440,0,0,,,,,,,,0,,0.05,CPG,,,
CRMBP03,Copacker1,0,0,1,2023-08-07,0,0,0,11,0,0, ,, ,0,0,0,,0,1,0,0,0,1,0,0,0,999,0,1,0,0,1,0,10080,0,1,1970-01-01,0,1970-01-01,1,0,1048320,999999,1,0,0,1,2,0,0,0,1,524160, ,2, ,0,0,1,1,1440,1440,0,0,,,,,,,,0,,0.05,CPG,,,
CRMBP03,Copacker2,0,0,1,2023-08-07,0,0,0,11,0,0, ,, ,0,0,0,,0,1,0,0,0,1,0,0,0,999,0,1,0,0,1,0,10080,0,1,1970-01-01,0,1970-01-01,1,0,1048320,999999,1,0,0,1,2,0,0,0,1,524160, ,2, ,0,0,1,1,1440,1440,0,0,,,,,,,,0,,0.05,CPG,,,
CRMBP03,External_Copacker,0,0,1,2023-08-07,0,0,0,11,0,0, ,, ,0,0,0,,0,1,0,0,0,1,0,0,0,999,0,1,0,0,1,0,10080,0,1,1970-01-01,0,1970-01-01,1,0,1048320,999999,1,0,0,1,2,0,0,0,1,524160, ,2, ,0,0,1,1,1440,1440,0,0,,,,,,,,0,,0.05,CPG,,,
CRMBP02,Copacker1,0,0,1,2023-08-07,0,0,0,11,0,0, ,, ,0,0,0,,0,1,0,0,0,1,0,0,0,999,0,1,0,0,1,0,10080,0,1,1970-01-01,0,1970-01-01,1,0,1048320,999999,1,0,0,1,2,0,0,0,1,524160, ,2, ,0,0,1,1,1440,1440,0,0,,,,,,,,0,,0.05,CPG,,,
CRMBP02,Copacker2,0,0,1,2023-08-07,0,0,0,11,0,0, ,, ,0,0,0,,0,1,0,0,0,1,0,0,0,999,0,1,0,0,1,0,10080,0,1,1970-01-01,0,1970-01-01,1,0,1048320,999999,1,0,0,1,2,0,0,0,1,524160, ,2, ,0,0,1,1,1440,1440,0,0,,,,,,,,0,,0.05,CPG,,,
CRMBP02,External_Copacker,0,0,1,2023-08-07,0,0,0,11,0,0, ,, ,0,0,0,,0,1,0,0,0,1,0,0,0,999,0,1,0,0,1,0,10080,0,1,1970-01-01,0,1970-01-01,1,0,1048320,999999,1,0,0,1,2,0,0,0,1,524160, ,2, ,0,0,1,1,1440,1440,0,0,,,,,,,,0,,0.05,CPG,,,
CRMBP01,Copacker1,0,0,1,2023-08-07,0,0,0,11,0,0, ,, ,0,0,0,,0,1,0,0,0,1,0,0,0,999,0,1,0,0,1,0,10080,0,1,1970-01-01,0,1970-01-01,1,0,1048320,999999,1,0,0,1,2,0,0,0,1,524160, ,2, ,0,0,1,1,1440,1440,0,0,,,,,,,,0,,0.05,CPG,,,
CRMBP01,Copacker2,0,0,1,2023-08-07,0,0,0,11,0,0, ,, ,0,0,0,,0,1,0,0,0,1,0,0,0,999,0,1,0,0,1,0,10080,0,1,1970-01-01,0,1970-01-01,1,0,1048320,999999,1,0,0,1,2,0,0,0,1,524160, ,2, ,0,0,1,1,1440,1440,0,0,,,,,,,,0,,0.05,CPG,,,
CRMBP01,External_Copacker,0,0,1,2023-08-07,0,0,0,11,0,0, ,, ,0,0,0,,0,1,0,0,0,1,0,0,0,999,0,1,0,0,1,0,10080,0,1,1970-01-01,0,1970-01-01,1,0,1048320,999999,1,0,0,1,2,0,0,0,1,524160, ,2, ,0,0,1,1,1440,1440,0,0,,,,,,,,0,,0.05,CPG,,,
CRMBD10,Copacker1,0,0,1,2023-08-07,0,0,0,9,0,0, ,, ,0,0,0,,0,1,0,0,0,1,0,0,0,999,0,1,0,0,1,0,10080,0,1,1970-01-01,0,1970-01-01,1,0,1048320,999999,1,0,0,1,2,0,0,0,1,524160, ,2, ,0,0,1,1,1440,1440,0,0,,,,,,,,0,,0.1,CPG,,,
CRMBD09,Copacker1,0,0,1,2023-08-07,0,0,0,11,0,0, ,, ,0,0,0,,0,1,0,0,0,1,0,0,0,999,0,1,0,0,1,0,10080,0,1,1970-01-01,0,1970-01-01,1,0,1048320,999999,1,0,0,1,2,0,0,0,1,524160, ,2, ,0,0,1,1,1440,1440,0,0,,,,,,,,0,,0.05,CPG,,,
CRMBD09,Copacker2,0,0,1,2023-08-07,0,0,0,11,0,0, ,, ,0,0,0,,0,1,0,0,0,1,0,0,0,999,0,1,0,0,1,0,10080,0,1,1970-01-01,0,1970-01-01,1,0,1048320,999999,1,0,0,1,2,0,0,0,1,524160, ,2, ,0,0,1,1,1440,1440,0,0,,,,,,,,0,,0.05,CPG,,,
CRMBD09,External_Copacker,0,0,1,2023-08-07,0,0,0,11,0,0, ,, ,0,0,0,,0,1,0,0,0,1,0,0,0,999,0,1,0,0,1,0,10080,0,1,1970-01-01,0,1970-01-01,1,0,1048320,999999,1,0,0,1,2,0,0,0,1,524160, ,2, ,0,0,1,1,1440,1440,0,0,,,,,,,,0,,0.05,CPG,,,
CRMBD08,Copacker1,0,0,1,2023-08-07,0,0,0,11,0,0, ,, ,0,0,0,,0,1,0,0,0,1,0,0,0,999,0,1,0,0,1,0,10080,0,1,1970-01-01,0,1970-01-01,1,0,1048320,999999,1,0,0,1,2,0,0,0,1,524160, ,2, ,0,0,1,1,1440,1440,0,0,,,,,,,,0,,0.05,CPG,,,
CRMBD08,Copacker2,0,0,1,2023-08-07,0,0,0,11,0,0, ,, ,0,0,0,,0,1,0,0,0,1,0,0,0,999,0,1,0,0,1,0,10080,0,1,1970-01-01,0,1970-01-01,1,0,1048320,999999,1,0,0,1,2,0,0,0,1,524160, ,2, ,0,0,1,1,1440,1440,0,0,,,,,,,,0,,0.05,CPG,,,
CRMBD08,External_Copacker,0,0,1,2023-08-07,0,0,0,11,0,0, ,, ,0,0,0,,0,1,0,0,0,1,0,0,0,999,0,1,0,0,1,0,10080,0,1,1970-01-01,0,1970-01-01,1,0,1048320,999999,1,0,0,1,2,0,0,0,1,524160, ,2, ,0,0,1,1,1440,1440,0,0,,,,,,,,0,,0.05,CPG,,,
CRMBD07,Copacker1,0,0,1,2023-08-07,0,0,0,11,0,0, ,, ,0,0,0,,0,1,0,0,0,1,0,0,0,999,0,1,0,0,1,0,10080,0,1,1970-01-01,0,1970-01-01,1,0,1048320,999999,1,0,0,1,2,0,0,0,1,524160, ,2, ,0,0,1,1,1440,1440,0,0,,,,,,,,0,,0.05,CPG,,,
CRMBD07,Copacker2,0,0,1,2023-08-07,0,0,0,11,0,0, ,, ,0,0,0,,0,1,0,0,0,1,0,0,0,999,0,1,0,0,1,0,10080,0,1,1970-01-01,0,1970-01-01,1,0,1048320,999999,1,0,0,1,2,0,0,0,1,524160, ,2, ,0,0,1,1,1440,1440,0,0,,,,,,,,0,,0.05,CPG,,,
CRMBD07,External_Copacker,0,0,1,2023-08-07,0,0,0,11,0,0, ,, ,0,0,0,,0,1,0,0,0,1,0,0,0,999,0,1,0,0,1,0,10080,0,1,1970-01-01,0,1970-01-01,1,0,1048320,999999,1,0,0,1,2,0,0,0,1,524160, ,2, ,0,0,1,1,1440,1440,0,0,,,,,,,,0,,0.05,CPG,,,
CRMBD06,External_Copacker,0,0,1,2023-08-07,0,0,0,11,0,0, ,, ,0,0,0,,0,1,0,0,0,1,0,0,0,999,0,1,0,0,1,0,10080,0,1,1970-01-01,0,1970-01-01,1,0,1048320,999999,1,0,0,1,2,0,0,0,1,524160, ,2, ,0,0,1,1,1440,1440,0,0,,,,,,,,0,,0.05,CPG,,,
CRMBD06,Copacker1,0,0,1,2023-08-07,0,0,0,11,0,0, ,, ,0,0,0,,0,1,0,0,0,1,0,0,0,999,0,1,0,0,1,0,10080,0,1,1970-01-01,0,1970-01-01,1,0,1048320,999999,1,0,0,1,2,0,0,0,1,524160, ,2, ,0,0,1,1,1440,1440,0,0,,,,,,,,0,,0.05,CPG,,,
CRMBD06,Copacker2,0,0,1,2023-08-07,0,0,0,11,0,0, ,, ,0,0,0,,0,1,0,0,0,1,0,0,0,999,0,1,0,0,1,0,10080,0,1,1970-01-01,0,1970-01-01,1,0,1048320,999999,1,0,0,1,2,0,0,0,1,524160, ,2, ,0,0,1,1,1440,1440,0,0,,,,,,,,0,,0.05,CPG,,,
CRMBD05,External_Copacker,0,0,1,2023-08-07,0,0,0,11,0,0, ,, ,0,0,0,,0,1,0,0,0,1,0,0,0,999,0,1,0,0,1,0,10080,0,1,1970-01-01,0,1970-01-01,1,0,1048320,999999,1,0,0,1,2,0,0,0,1,524160, ,2, ,0,0,1,1,1440,1440,0,0,,,,,,,,0,,0.05,CPG,,,
CRMBD05,Copacker1,0,0,1,2023-08-07,0,0,0,11,0,0, ,, ,0,0,0,,0,1,0,0,0,1,0,0,0,999,0,1,0,0,1,0,10080,0,1,1970-01-01,0,1970-01-01,1,0,1048320,999999,1,0,0,1,2,0,0,0,1,524160, ,2, ,0,0,1,1,1440,1440,0,0,,,,,,,,0,,0.05,CPG,,,
CRMBD05,Copacker2,0,0,1,2023-08-07,0,0,0,11,0,0, ,, ,0,0,0,,0,1,0,0,0,1,0,0,0,999,0,1,0,0,1,0,10080,0,1,1970-01-01,0,1970-01-01,1,0,1048320,999999,1,0,0,1,2,0,0,0,1,524160, ,2, ,0,0,1,1,1440,1440,0,0,,,,,,,,0,,0.05,CPG,,,
CRMBD02,Copacker1,0,0,1,2023-08-07,0,0,0,11,0,0, ,, ,0,0,0,,0,1,0,0,0,1,0,0,0,999,0,1,0,0,1,0,10080,0,1,1970-01-01,0,1970-01-01,1,0,1048320,999999,1,0,0,1,2,0,0,0,1,524160, ,2, ,0,0,1,1,1440,1440,0,0,,,,,,,,0,,0.05,CPG,,,
CRMBD02,Copacker2,0,0,1,2023-08-07,0,0,0,11,0,0, ,, ,0,0,0,,0,1,0,0,0,1,0,0,0,999,0,1,0,0,1,0,10080,0,1,1970-01-01,0,1970-01-01,1,0,1048320,999999,1,0,0,1,2,0,0,0,1,524160, ,2, ,0,0,1,1,1440,1440,0,0,,,,,,,,0,,0.05,CPG,,,
CRMBD02,External_Copacker,0,0,1,2023-08-07,0,0,0,11,0,0, ,, ,0,0,0,,0,1,0,0,0,1,0,0,0,999,0,1,0,0,1,0,10080,0,1,1970-01-01,0,1970-01-01,1,0,1048320,999999,1,0,0,1,2,0,0,0,1,524160, ,2, ,0,0,1,1,1440,1440,0,0,,,,,,,,0,,0.05,CPG,,,
CRMBD01,Copacker1,0,0,1,2023-08-07,0,0,0,11,0,0, ,, ,0,0,0,,0,1,0,0,0,1,0,0,0,999,0,1,0,0,1,0,10080,0,1,1970-01-01,0,1970-01-01,1,0,1048320,999999,1,0,0,1,2,0,0,0,1,524160, ,2, ,0,0,1,1,1440,1440,0,0,,,,,,,,0,,0.05,CPG,,,
CRMBD01,Copacker2,0,0,1,2023-08-07,0,0,0,11,0,0, ,, ,0,0,0,,0,1,0,0,0,1,0,0,0,999,0,1,0,0,1,0,10080,0,1,1970-01-01,0,1970-01-01,1,0,1048320,999999,1,0,0,1,2,0,0,0,1,524160, ,2, ,0,0,1,1,1440,1440,0,0,,,,,,,,0,,0.05,CPG,,,
CRMBD01,External_Copacker,0,0,1,2023-08-07,0,0,0,11,0,0, ,, ,0,0,0,,0,1,0,0,0,1,0,0,0,999,0,1,0,0,1,0,10080,0,1,1970-01-01,0,1970-01-01,1,0,1048320,999999,1,0,0,1,2,0,0,0,1,524160, ,2, ,0,0,1,1,1440,1440,0,0,,,,,,,,0,,0.05,CPG,,,
CRMBB10,Plant1,0,0,1,2023-08-07,0,0,0,9,0,0, ,, ,0,0,0,,0,1,0,0,0,1,0,0,0,999,0,1,0,0,1,0,10080,0,1,1970-01-01,0,1970-01-01,1,0,1048320,999999,1,0,0,1,2,0,0,0,1,524160, ,2, ,0,0,1,1,1440,1440,0,0,,,,,,,,0,,0.1,CPG,,,
CRMBB04,Plant1,0,0,1,2023-08-07,0,0,0,11,0,0, ,, ,0,0,0,,0,1,0,0,0,1,0,0,0,999,0,1,0,0,1,0,10080,0,1,1970-01-01,0,1970-01-01,1,0,1048320,999999,1,0,0,1,2,0,0,0,1,524160, ,2, ,0,0,1,1,1440,1440,0,0,,,,,,,,0,,0.05,CPG,,,
CRMBB04,Plant2,0,0,1,2023-08-07,0,0,0,11,0,0, ,, ,0,0,0,,0,1,0,0,0,1,0,0,0,999,0,1,0,0,1,0,10080,0,1,1970-01-01,0,1970-01-01,1,0,1048320,999999,1,0,0,1,2,0,0,0,1,524160, ,2, ,0,0,1,1,1440,1440,0,0,,,,,,,,0,,0.05,CPG,,,
CRMBB03,Plant2,0,0,1,2023-08-07,0,0,0,11,0,0, ,, ,0,0,0,,0,1,0,0,0,1,0,0,0,999,0,1,0,0,1,0,10080,0,1,1970-01-01,0,1970-01-01,1,0,1048320,999999,1,0,0,1,2,0,0,0,1,524160, ,2, ,0,0,1,1,1440,1440,0,0,,,,,,,,0,,0.05,CPG,,,
CRMBB03,Plant1,0,0,1,2023-08-07,0,0,0,11,0,0, ,, ,0,0,0,,0,1,0,0,0,1,0,0,0,999,0,1,0,0,1,0,10080,0,1,1970-01-01,0,1970-01-01,1,0,1048320,999999,1,0,0,1,2,0,0,0,1,524160, ,2, ,0,0,1,1,1440,1440,0,0,,,,,,,,0,,0.05,CPG,,,
CRMBB02,Plant2,0,0,1,2023-08-07,0,0,0,11,0,0, ,, ,0,0,0,,0,1,0,0,0,1,0,0,0,999,0,1,0,0,1,0,10080,0,1,1970-01-01,0,1970-01-01,1,0,1048320,999999,1,0,0,1,2,0,0,0,1,524160, ,2, ,0,0,1,1,1440,1440,0,0,,,,,,,,0,,0.05,CPG,,,
CRMBB02,Plant1,0,0,1,2023-08-07,0,0,0,11,0,0, ,, ,0,0,0,,0,1,0,0,0,1,0,0,0,999,0,1,0,0,1,0,10080,0,1,1970-01-01,0,1970-01-01,1,0,1048320,999999,1,0,0,1,2,0,0,0,1,524160, ,2, ,0,0,1,1,1440,1440,0,0,,,,,,,,0,,0.05,CPG,,,
CRMBB01,Plant1,0,0,1,2023-08-07,0,0,0,11,0,0, ,, ,0,0,0,,0,1,0,0,0,1,0,0,0,999,0,1,0,0,1,0,10080,0,1,1970-01-01,0,1970-01-01,1,0,1048320,999999,1,0,0,1,2,0,0,0,1,524160, ,2, ,0,0,1,1,1440,1440,0,0,,,,,,,,0,,0.05,CPG,,,
CRMBB01,Plant2,0,0,1,2023-08-07,0,0,0,11,0,0, ,, ,0,0,0,,0,1,0,0,0,1,0,0,0,999,0,1,0,0,1,0,10080,0,1,1970-01-01,0,1970-01-01,1,0,1048320,999999,1,0,0,1,2,0,0,0,1,524160, ,2, ,0,0,1,1,1440,1440,0,0,,,,,,,,0,,0.05,CPG,,,
CRMBA10,Supplier1,0,0,1,2023-08-07,0,0,0,9,0,0, ,, ,0,0,0,,0,1,0,0,0,1,0,0,0,999,0,1,0,0,1,0,10080,0,1,1970-01-01,0,1970-01-01,1,0,1048320,999999,1,0,0,1,2,0,0,0,1,524160, ,2, ,0,0,1,1,1440,1440,0,0,,,,,,,,0,,0.1,CPG,,,
CRMBA10,Supplier2,0,0,1,2023-08-07,0,0,0,9,0,0, ,, ,0,0,0,,0,1,0,0,0,1,0,0,0,999,0,1,0,0,1,0,10080,0,1,1970-01-01,0,1970-01-01,1,0,1048320,999999,1,0,0,1,2,0,0,0,1,524160, ,2, ,0,0,1,1,1440,1440,0,0,,,,,,,,0,,0.1,CPG,,,
CRMBA10,Plant1,0,0,1,2023-08-07,0,0,0,9,0,0, ,, ,0,0,0,,0,1,0,0,0,1,0,0,0,999,0,1,0,0,1,0,10080,0,1,1970-01-01,0,1970-01-01,1,0,1048320,999999,1,0,0,1,2,0,0,0,1,524160, ,2, ,0,0,1,1,1440,1440,0,0,,,,,,,,0,,0.1,CPG,,,
CRMBA10,Supplier5,0,0,1,2023-08-07,0,0,0,9,0,0, ,, ,0,0,0,,0,1,0,0,0,1,0,0,0,999,0,1,0,0,1,0,10080,0,1,1970-01-01,0,1970-01-01,1,0,1048320,999999,1,0,0,1,2,0,0,0,1,524160, ,2, ,0,0,1,1,1440,1440,0,0,,,,,,,,0,,0.1,CPG,,,
CRMBA04,Plant1,0,0,1,2023-08-07,0,0,0,11,0,0, ,, ,0,0,0,,0,1,0,0,0,1,0,0,0,999,0,1,0,0,1,0,10080,0,1,1970-01-01,0,1970-01-01,1,0,1048320,999999,1,0,0,1,2,0,0,0,1,524160, ,2, ,0,0,1,1,1440,1440,0,0,,,,,,,,0,,0.05,CPG,,,
CRMBA04,Plant2,0,0,1,2023-08-07,0,0,0,11,0,0, ,, ,0,0,0,,0,1,0,0,0,1,0,0,0,999,0,1,0,0,1,0,10080,0,1,1970-01-01,0,1970-01-01,1,0,1048320,999999,1,0,0,1,2,0,0,0,1,524160, ,2, ,0,0,1,1,1440,1440,0,0,,,,,,,,0,,0.05,CPG,,,
CRMBA04,Supplier4,0,0,1,2023-08-07,0,0,0,11,,0, ,, ,0,,0,,0,1,0,0,0,,,,,,,,,,,,10080,0,1,1970-01-01,0,1970-01-01,5,0,1048320,999999,1,0,0,1,2,0,0,0,1,524160, ,2, ,0,0,1,1,1440,1440,0,0,,,,,,,,0,,0.1,CPG,,,
CRMBA03,Plant1,0,0,1,2023-08-07,0,0,0,11,0,0, ,, ,0,0,0,,0,1,0,0,0,1,0,0,0,999,0,1,0,0,1,0,10080,0,1,1970-01-01,0,1970-01-01,1,0,1048320,999999,1,0,0,1,2,0,0,0,1,524160, ,2, ,0,0,1,1,1440,1440,0,0,,,,,,,,0,,0.05,CPG,,,
CRMBA03,Plant2,0,0,1,2023-08-07,0,0,0,11,0,0, ,, ,0,0,0,,0,1,0,0,0,1,0,0,0,999,0,1,0,0,1,0,10080,0,1,1970-01-01,0,1970-01-01,1,0,1048320,999999,1,0,0,1,2,0,0,0,1,524160, ,2, ,0,0,1,1,1440,1440,0,0,,,,,,,,0,,0.05,CPG,,,
CRMBA02,Plant1,0,0,1,2023-08-07,0,0,0,11,0,0, ,, ,0,0,0,,0,1,0,0,0,1,0,0,0,999,0,1,0,0,1,0,10080,0,1,1970-01-01,0,1970-01-01,1,0,1048320,999999,1,0,0,1,2,0,0,0,1,524160, ,2, ,0,0,1,1,1440,1440,0,0,,,,,,,,0,,0.05,CPG,,,
CRMBA02,Plant2,0,0,1,2023-08-07,0,0,0,11,0,0, ,, ,0,0,0,,0,1,0,0,0,1,0,0,0,999,0,1,0,0,1,0,10080,0,1,1970-01-01,0,1970-01-01,1,0,1048320,999999,1,0,0,1,2,0,0,0,1,524160, ,2, ,0,0,1,1,1440,1440,0,0,,,,,,,,0,,0.05,CPG,,,
CRMBA01-Alt,Plant2,0,0,1,2023-08-07,0,0,0,11,0,0, ,, ,0,0,0,,0,1,0,0,0,1,0,0,0,999,0,1,0,0,1,0,10080,0,1,1970-01-01,0,1970-01-01,1,0,1048320,999999,1,0,0,1,2,0,0,0,1,524160, ,2, ,0,0,1,1,1440,1440,0,0,,,,,,,,0,,0.1,CPG,,,
CRMBA01,Plant1,0,0,1,2023-08-07,0,0,0,11,0,0, ,, ,0,0,0,,0,1,0,0,0,1,0,0,0,999,0,1,0,0,1,0,10080,0,1,1970-01-01,0,1970-01-01,1,0,1048320,999999,1,0,0,1,2,0,0,0,1,524160, ,2, ,0,0,1,1,1440,1440,0,0,,,,,,,,0,,0.05,CPG,,,
CRMBA01,Plant2,0,0,1,2023-08-07,0,0,0,11,0,0, ,, ,0,0,0,,0,1,0,0,0,1,0,0,0,999,0,1,0,0,1,0,10080,0,1,1970-01-01,0,1970-01-01,1,0,1048320,999999,1,0,0,1,2,0,0,0,1,524160, ,2, ,0,0,1,1,1440,1440,0,0,,,,,,,,0,,0.05,CPG,,,
CFGI02,Copacker1,0,0,1,2023-08-07,0.01,0,0,11,86400,0, ,, ,0,259200,0,,0,1,0,0,0,1,0,0,0,999,0,1,0,0,1,0,10080,0,1,1970-01-01,0,1970-01-01,1,0,1048320,999999,1,0,0,1,2,0,0,0,1,524160, ,2, ,20160,0,3,1,1440,1440,0,0,,,,,,,,0,,0.72,CPG,,,
CFGI02,Copacker2,0,0,1,2023-08-07,0.01,0,0,11,86400,0, ,, ,0,259200,0,,0,1,0,0,0,1,0,0,0,999,0,1,0,0,1,0,10080,0,1,1970-01-01,0,1970-01-01,1,0,1048320,999999,1,0,0,1,2,0,0,0,1,524160, ,2, ,20160,0,3,1,1440,1440,0,0,,,,,,,,0,,0.72,CPG,,,
CFGI02,External_Copacker,0,0,1,2023-08-07,0.01,0,0,11,86400,0, ,, ,0,259200,0,,0,1,0,0,0,1,0,0,0,999,0,1,0,0,1,0,10080,0,1,1970-01-01,0,1970-01-01,1,0,1048320,999999,1,0,0,1,2,0,0,0,1,524160, ,2, ,20160,0,3,1,1440,1440,0,0,,,,,,,,0,,0.72,CPG,,,
CFGI02,LDC1,0,0,1,2023-08-07,0.01,0,0,11,86400,0, ,, ,0,259200,0,,0,1,0,0,0,1,0,0,0,999,0,1,0,0,1,0,10080,0,1,1970-01-01,0,1970-01-01,1,0,1048320,999999,1,0,0,1,2,0,0,0,1,524160, ,2, ,20160,0,3,1,10080,10080,0,10080,,,,,,,,6.4,,1.44,CPG,,,
CFGI02,LDC2,0,0,1,2023-08-07,0.01,0,0,11,86400,0, ,, ,0,259200,0,,0,1,0,0,0,1,0,0,0,999,0,1,0,0,1,0,10080,0,1,1970-01-01,0,1970-01-01,1,0,1048320,999999,1,0,0,1,2,0,0,0,1,524160, ,2, ,20160,0,3,1,10080,10080,0,10080,,,,,,,,6.4,,1.44,CPG,,,
CFGI02,LDC3,0,0,1,2023-08-07,0.01,0,0,11,86400,0, ,, ,0,259200,0,,0,1,0,0,0,1,0,0,0,999,0,1,0,0,1,0,10080,0,1,1970-01-01,0,1970-01-01,1,0,1048320,999999,1,0,0,1,2,0,0,0,1,524160, ,2, ,20160,0,3,1,10080,10080,0,10080,,,,,,,,6.4,,1.44,CPG,,,
CFGI02,RDC,0,0,1,2023-08-07,0.01,0,0,11,86400,0, ,, ,0,259200,0,,0,1,0,0,0,1,0,0,0,999,0,1,0,0,1,0,10080,0,1,1970-01-01,0,1970-01-01,1,0,1048320,999999,1,0,0,1,2,0,0,0,1,524160, ,2, ,20160,0,3,1,10080,10080,0,10080,,,,,,,,6.4,,1.44,CPG,,,
CFGI02,Storage_Outsource,0,0,1,2023-08-07,0.01,0,0,11,86400,0, ,, ,0,259200,0,,0,1,0,0,0,1,0,0,0,999,0,1,0,0,1,0,10080,0,1,1970-01-01,0,1970-01-01,1,0,1048320,999999,1,0,0,1,2,0,0,0,1,524160, ,2, ,20160,0,3,1,1440,1440,0,0,,,,,,,,0,,0.72,CPG,,,
CFGI01,Copacker1,0,0,1,2023-08-07,0.01,0,0,11,86400,0, ,, ,0,259200,0,,0,1,0,0,0,1,0,0,0,999,0,1,0,0,1,0,10080,0,1,1970-01-01,0,1970-01-01,1,0,1048320,999999,1,0,0,1,2,0,0,0,1,524160, ,2, ,20160,0,3,1,1440,1440,0,0,,,,,,,,0,,1.26,CPG,,,
CFGI01,Copacker2,0,0,1,2023-08-07,0.01,0,0,11,86400,0, ,, ,0,259200,0,,0,1,0,0,0,1,0,0,0,999,0,1,0,0,1,0,10080,0,1,1970-01-01,0,1970-01-01,1,0,1048320,999999,1,0,0,1,2,0,0,0,1,524160, ,2, ,20160,0,3,1,1440,1440,0,0,,,,,,,,0,,1.26,CPG,,,
CFGI01,External_Copacker,0,0,1,2023-08-07,0.01,0,0,11,86400,0, ,, ,0,259200,0,,0,1,0,0,0,1,0,0,0,999,0,1,0,0,1,0,10080,0,1,1970-01-01,0,1970-01-01,1,0,1048320,999999,1,0,0,1,2,0,0,0,1,524160, ,2, ,20160,0,3,1,1440,1440,0,0,,,,,,,,0,,1.26,CPG,,,
CFGI01,RDC,0,0,1,2023-08-07,0.01,0,0,11,86400,0, ,, ,0,259200,0,,0,1,0,0,0,1,0,0,0,999,0,1,0,0,1,0,10080,0,1,1970-01-01,0,1970-01-01,1,0,1048320,999999,1,0,0,1,2,0,0,0,1,524160, ,2, ,20160,0,3,1,10080,10080,0,10080,,,,,,,,11.2,,2.52,CPG,,,
CFGI01,LDC1,0,0,1,2023-08-07,0.01,0,0,11,86400,0, ,, ,0,259200,0,,0,1,0,0,0,1,0,0,0,999,0,1,0,0,1,0,10080,0,1,1970-01-01,0,1970-01-01,1,0,1048320,999999,1,0,0,1,2,0,0,0,1,524160, ,2, ,20160,0,3,1,10080,10080,0,10080,,,,,,,,11.2,,2.52,CPG,,,
CFGI01,LDC2,0,0,1,2023-08-07,0.01,0,0,11,86400,0, ,, ,0,259200,0,,0,1,0,0,0,1,0,0,0,999,0,1,0,0,1,0,10080,0,1,1970-01-01,0,1970-01-01,1,0,1048320,999999,1,0,0,1,2,0,0,0,1,524160, ,2, ,20160,0,3,1,10080,10080,0,10080,,,,,,,,11.2,,2.52,CPG,,,
CFGI01,LDC3,0,0,1,2023-08-07,0.01,0,0,11,86400,0, ,, ,0,259200,0,,0,1,0,0,0,1,0,0,0,999,0,1,0,0,1,0,10080,0,1,1970-01-01,0,1970-01-01,1,0,1048320,999999,1,0,0,1,2,0,0,0,1,524160, ,2, ,20160,0,3,1,10080,10080,0,10080,,,,,,,,11.2,,2.52,CPG,,,
CFGI01,Storage_Outsource,0,0,1,2023-08-07,0.01,0,0,11,86400,0, ,, ,0,259200,0,,0,1,0,0,0,1,0,0,0,999,0,1,0,0,1,0,10080,0,1,1970-01-01,0,1970-01-01,1,0,1048320,999999,1,0,0,1,2,0,0,0,1,524160, ,2, ,20160,0,3,1,1440,1440,0,0,,,,,,,,0,,1.26,CPG,,,
CFGC02,Copacker1,0,0,1,2023-08-07,0.01,0,0,11,86400,0, ,, ,0,259200,0,,0,1,0,0,0,1,0,0,0,999,0,1,0,0,1,0,10080,0,1,1970-01-01,0,1970-01-01,1,0,1048320,999999,1,0,0,1,2,0,0,0,1,524160, ,2, ,20160,0,3,1,1440,1440,0,0,,,,,,,,0,,1.71,CPG,,,
CFGC02,Copacker2,0,0,1,2023-08-07,0.01,0,0,11,86400,0, ,, ,0,259200,0,,0,1,0,0,0,1,0,0,0,999,0,1,0,0,1,0,10080,0,1,1970-01-01,0,1970-01-01,1,0,1048320,999999,1,0,0,1,2,0,0,0,1,524160, ,2, ,20160,0,3,1,1440,1440,0,0,,,,,,,,0,,1.71,CPG,,,
CFGC02,External_Copacker,0,0,1,2023-08-07,0.01,0,0,11,86400,0, ,, ,0,259200,0,,0,1,0,0,0,1,0,0,0,999,0,1,0,0,1,0,10080,0,1,1970-01-01,0,1970-01-01,1,0,1048320,999999,1,0,0,1,2,0,0,0,1,524160, ,2, ,20160,0,3,1,1440,1440,0,0,,,,,,,,0,,1.71,CPG,,,
CFGC02,RDC,0,0,1,2023-08-07,0.01,0,0,11,86400,0, ,, ,0,259200,0,,0,1,0,0,0,1,0,0,0,999,0,1,0,0,1,0,10080,0,1,1970-01-01,0,1970-01-01,1,0,1048320,999999,1,0,0,1,2,0,0,0,1,524160, ,2, ,20160,0,3,1,10080,10080,0,10080,,,,,,,,15.36,,3.42,CPG,,,
CFGC02,LDC1,0,0,1,2023-08-07,0.01,0,0,11,86400,0, ,, ,0,259200,4320,,1440,0.7,0,1,10,1,0,0,0,999,0,1,0,0,1,0,10080,0,1,1970-01-01,0,1970-01-01,1,0,1048320,999999,1,0,0,1,2,0,0,0,1,524160, ,2, ,20160,0,3,1,10080,10080,0,10080,,,,,,,,15.36,,3.42,CPG,,,
CFGC02,LDC2,0,0,1,2023-08-07,0.01,0,0,11,86400,0, ,, ,0,259200,0,,0,0.7,0,1,0,1,0,0,0,999,0,1,0,0,1,0,10080,0,1,1970-01-01,0,1970-01-01,1,0,1048320,999999,1,0,0,1,2,0,0,0,1,524160, ,2, ,20160,0,3,1,10080,10080,0,10080,,,,,,,,15.36,,3.42,CPG,,,
CFGC02,LDC3,0,0,1,2023-08-07,0.01,0,0,11,86400,0, ,, ,0,259200,0,,0,1,0,0,0,1,0,0,0,999,0,1,0,0,1,0,10080,0,1,1970-01-01,0,1970-01-01,1,0,1048320,999999,1,0,0,1,2,0,0,0,1,524160, ,2, ,20160,0,3,1,10080,10080,0,10080,,,,,,,,15.36,,3.42,CPG,,,
CFGC02,Storage_Outsource,0,0,1,2023-08-07,0.01,0,0,11,86400,0, ,, ,0,259200,0,,0,1,0,0,0,1,0,0,0,999,0,1,0,0,1,0,10080,0,1,1970-01-01,0,1970-01-01,1,0,1048320,999999,1,0,0,1,2,0,0,0,1,524160, ,2, ,20160,0,3,1,1440,1440,0,0,,,,,,,,0,,1.71,CPG,,,
CFGC01,Copacker1,0,0,1,2023-08-07,0.01,0,0,11,86400,0, ,, ,0,259200,0,,0,1,0,0,0,1,0,0,0,999,0,1,0,0,1,0,10080,0,1,1970-01-01,0,1970-01-01,1,0,1048320,999999,1,0,0,1,2,0,0,0,1,524160, ,2, ,20160,0,3,1,1440,1440,0,0,,,,,,,,0,,1.03,CPG,,,
CFGC01,Copacker2,0,0,1,2023-08-07,0.01,0,0,11,86400,0, ,, ,0,259200,0,,0,1,0,0,0,1,0,0,0,999,0,1,0,0,1,0,10080,0,1,1970-01-01,0,1970-01-01,1,0,1048320,999999,1,0,0,1,2,0,0,0,1,524160, ,2, ,20160,0,3,1,1440,1440,0,0,,,,,,,,0,,1.03,CPG,,,
CFGC01,External_Copacker,0,0,1,2023-08-07,0.01,0,0,11,86400,0, ,, ,0,259200,0,,0,1,0,0,0,1,0,0,0,999,0,1,0,0,1,0,10080,0,1,1970-01-01,0,1970-01-01,1,0,1048320,999999,1,0,0,1,2,0,0,0,1,524160, ,2, ,20160,0,3,1,1440,1440,0,0,,,,,,,,0,,1.03,CPG,,,
CFGC01,RDC,0,0,1,2023-08-07,0.01,0,0,11,86400,0, ,, ,0,259200,0,,0,1,0,0,0,1,0,0,0,999,0,1,0,0,1,0,10080,0,1,1970-01-01,0,1970-01-01,1,0,1048320,999999,1,0,0,1,2,0,0,0,1,524160, ,2, ,20160,0,3,1,10080,10080,0,10080,,,,,,,,9.28,,2.05,CPG,,,
CFGC01,LDC1,0,0,1,2023-08-07,0.01,0,0,11,86400,0, ,, ,0,259200,0,,0,1,0,0,0,1,0,0,0,999,0,1,0,0,1,0,10080,0,1,1970-01-01,0,1970-01-01,1,0,1048320,999999,1,0,0,1,2,0,0,0,1,524160, ,2, ,20160,0,3,1,10080,10080,0,10080,,,,,,,,9.28,,2.05,CPG,,,
CFGC01,LDC2,0,0,1,2023-08-07,0.01,0,0,11,86400,0, ,, ,0,259200,0,,0,1,0,0,0,1,0,0,0,999,0,1,0,0,1,0,10080,0,1,1970-01-01,0,1970-01-01,1,0,1048320,999999,1,0,0,1,2,0,0,0,1,524160, ,2, ,20160,0,3,1,10080,10080,0,10080,,,,,,,,9.28,,2.05,CPG,,,
CFGC01,LDC3,0,0,1,2023-08-07,0.01,0,0,11,86400,0, ,, ,0,259200,0,,0,1,0,0,0,1,0,0,0,999,0,1,0,0,1,0,10080,0,1,1970-01-01,0,1970-01-01,1,0,1048320,999999,1,0,0,1,2,0,0,0,1,524160, ,2, ,20160,0,3,1,10080,10080,0,10080,,,,,,,,9.28,,2.05,CPG,,,
CFGC01,Storage_Outsource,0,0,1,2023-08-07,0.01,0,0,11,86400,0, ,, ,0,259200,0,,0,1,0,0,0,1,0,0,0,999,0,1,0,0,1,0,10080,0,1,1970-01-01,0,1970-01-01,1,0,1048320,999999,1,0,0,1,2,0,0,0,1,524160, ,2, ,20160,0,3,1,1440,1440,0,0,,,,,,,,0,,1.03,CPG,,,
CFGB12,Copacker1,0,0,1,2023-08-07,0.01,0,0,9,86400,0, ,, ,0,259200,0,,0,1,0,0,0,1,0,0,0,999,0,1,0,0,1,0,10080,0,1,1970-01-01,0,1970-01-01,1,0,1048320,999999,1,0,0,1,2,0,0,0,1,524160, ,2, ,20160,0,3,1,1440,1440,0,0,,,,,,,,0,,0.36,CPG,,,
CFGB12,RDC,0,0,1,2023-08-07,0.01,0,0,9,86400,0, ,, ,0,259200,0,,0,1,0,0,0,1,0,0,0,999,0,1,0,0,1,0,10080,0,1,1970-01-01,0,1970-01-01,1,0,1048320,999999,1,0,0,1,2,0,0,0,1,524160, ,2, ,20160,0,3,1,10080,10080,0,10080,,,,,,,,3.2,,0.72,CPG,,,
CFGB12,LDC1,0,0,1,2023-08-07,0.01,0,0,9,86400,0, ,, ,0,259200,4320,,1440,0.5,0,0.6,100,1,0,0,0,999,0,1,0,0,1,0,10080,0,1,1970-01-01,0,1970-01-01,1,0,1048320,999999,1,0,0,1,2,0,0,0,1,524160, ,2, ,20160,0,3,1,10080,10080,0,10080,,,,,,,,3.2,,0.72,CPG,,,
CFGB12,LDC2,0,0,1,2023-08-07,0.01,0,0,9,86400,0, ,, ,0,259200,0,,0,0.8,0,0,0,1,0,0,0,999,0,1,0,0,1,0,10080,0,1,1970-01-01,0,1970-01-01,1,0,1048320,999999,1,0,0,1,2,0,0,0,1,524160, ,2, ,20160,0,3,1,10080,10080,0,10080,,,,,,,,3.2,,0.72,CPG,,,
CFGB12,LDC3,0,0,1,2023-08-07,0.01,0,0,9,86400,0, ,, ,0,259200,0,,0,1,0,0,0,1,0,0,0,999,0,1,0,0,1,0,10080,0,1,1970-01-01,0,1970-01-01,1,0,1048320,999999,1,0,0,1,2,0,0,0,1,524160, ,2, ,20160,0,3,1,10080,10080,0,10080,,,,,,,,3.2,,0.72,CPG,,,
CFGB11,Copacker1,0,0,1,2023-08-07,0.01,0,0,9,86400,0, ,, ,0,259200,0,,0,1,0,0,0,1,0,0,0,999,0,1,0,0,1,0,10080,0,1,1970-01-01,0,1970-01-01,1,0,1048320,999999,1,0,0,1,2,0,0,0,1,524160, ,2, ,20160,0,3,1,1440,1440,0,0,,,,,,,,0,,0.36,CPG,,,
CFGB11,RDC,0,0,1,2023-08-07,0.01,0,0,9,86400,0, ,, ,0,259200,0,,0,1,0,0,0,1,0,0,0,999,0,1,0,0,1,0,10080,0,1,1970-01-01,0,1970-01-01,1,0,1048320,999999,1,0,0,1,2,0,0,0,1,524160, ,2, ,20160,0,3,1,10080,10080,0,10080,,,,,,,,3.2,,0.72,CPG,,,
CFGB11,LDC1,0,0,1,2023-08-07,0.01,0,0,9,86400,0, ,, ,0,259200,4320,,1440,0.5,0,0.6,100,1,0,0,0,999,0,1,0,0,1,0,10080,0,1,1970-01-01,0,1970-01-01,1,0,1048320,999999,1,0,0,1,2,0,0,0,1,524160, ,2, ,20160,0,3,1,10080,10080,0,10080,,,,,,,,3.2,,0.72,CPG,,,
CFGB11,LDC2,0,0,1,2023-08-07,0.01,0,0,9,86400,0, ,, ,0,259200,0,,0,0.8,0,0,0,1,0,0,0,999,0,1,0,0,1,0,10080,0,1,1970-01-01,0,1970-01-01,1,0,1048320,999999,1,0,0,1,2,0,0,0,1,524160, ,2, ,20160,0,3,1,10080,10080,0,10080,,,,,,,,3.2,,0.72,CPG,,,
CFGB11,LDC3,0,0,1,2023-08-07,0.01,0,0,9,86400,0, ,, ,0,259200,0,,0,1,0,0,0,1,0,0,0,999,0,1,0,0,1,0,10080,0,1,1970-01-01,0,1970-01-01,1,0,1048320,999999,1,0,0,1,2,0,0,0,1,524160, ,2, ,20160,0,3,1,10080,10080,0,10080,,,,,,,,3.2,,0.72,CPG,,,
CFGB10,Copacker1,0,0,1,2023-08-07,0.01,0,0,9,86400,0, ,, ,0,259200,0,,0,1,0,0,0,1,0,0,0,999,0,1,0,0,1,0,10080,0,1,1970-01-01,0,1970-01-01,1,0,1048320,999999,1,0,0,1,2,0,0,0,1,524160, ,2, ,20160,0,3,1,1440,1440,0,0,,,,,,,,0,,0.36,CPG,,,
CFGB10,RDC,0,0,1,2023-08-07,0.01,0,0,9,86400,0, ,, ,0,259200,0,,0,1,0,0,0,1,0,0,0,999,0,1,0,0,1,0,10080,0,1,1970-01-01,0,1970-01-01,1,0,1048320,999999,1,0,0,1,2,0,0,0,1,524160, ,2, ,20160,0,3,1,10080,10080,0,10080,,,,,,,,3.2,,0.72,CPG,,,
CFGB10,LDC1,0,0,1,2023-08-07,0.01,0,0,9,86400,0, ,, ,0,259200,4320,,1440,0.5,0,0.6,100,1,0,0,0,999,0,1,0,0,1,0,10080,0,1,1970-01-01,0,1970-01-01,1,0,1048320,999999,1,0,0,1,2,0,0,0,1,524160, ,2, ,20160,0,3,1,10080,10080,0,10080,,,,,,,,3.2,,0.72,CPG,,,
CFGB10,LDC2,0,0,1,2023-08-07,0.01,0,0,9,86400,0, ,, ,0,259200,0,,0,0.8,0,0,0,1,0,0,0,999,0,1,0,0,1,0,10080,0,1,1970-01-01,0,1970-01-01,1,0,1048320,999999,1,0,0,1,2,0,0,0,1,524160, ,2, ,20160,0,3,1,10080,10080,0,10080,,,,,,,,3.2,,0.72,CPG,,,
CFGB10,LDC3,0,0,1,2023-08-07,0.01,0,0,9,86400,0, ,, ,0,259200,0,,0,1,0,0,0,1,0,0,0,999,0,1,0,0,1,0,10080,0,1,1970-01-01,0,1970-01-01,1,0,1048320,999999,1,0,0,1,2,0,0,0,1,524160, ,2, ,20160,0,3,1,10080,10080,0,10080,,,,,,,,3.2,,0.72,CPG,,,
CFGB09,Copacker1,0,0,1,2023-08-07,0.01,0,0,11,86400,0, ,, ,0,259200,0,,0,1,0,0,0,1,0,0,0,999,0,1,0,0,1,0,10080,0,1,1970-01-01,0,1970-01-01,1,0,1048320,999999,1,0,0,1,2,0,0,0,1,524160, ,2, ,20160,0,3,1,1440,1440,0,0,,,,,,,,0,,0.86,CPG,,,
CFGB09,Copacker2,0,0,1,2023-08-07,0.01,0,0,11,86400,0, ,, ,0,259200,0,,0,1,0,0,0,1,0,0,0,999,0,1,0,0,1,0,10080,0,1,1970-01-01,0,1970-01-01,1,0,1048320,999999,1,0,0,1,2,0,0,0,1,524160, ,2, ,20160,0,3,1,1440,1440,0,0,,,,,,,,0,,0.86,CPG,,,
CFGB09,External_Copacker,0,0,1,2023-08-07,0.01,0,0,11,86400,0, ,, ,0,259200,0,,0,1,0,0,0,1,0,0,0,999,0,1,0,0,1,0,10080,0,1,1970-01-01,0,1970-01-01,1,0,1048320,999999,1,0,0,1,2,0,0,0,1,524160, ,2, ,20160,0,3,1,1440,1440,0,0,,,,,,,,0,,0.86,CPG,,,
CFGB09,RDC,0,0,1,2023-08-07,0.01,0,0,11,86400,0, ,, ,0,259200,0,,0,1,0,0,0,1,0,0,0,999,0,1,0,0,1,0,10080,0,1,1970-01-01,0,1970-01-01,1,0,1048320,999999,1,0,0,1,2,0,0,0,1,524160, ,2, ,20160,0,3,1,10080,10080,0,10080,,,,,,,,7.68,,1.73,CPG,,,
CFGB09,LDC1,0,0,1,2023-08-07,0.01,0,0,11,86400,0, ,, ,0,259200,0,,0,1,0,0,0,1,0,0,0,999,0,1,0,0,1,0,10080,0,1,1970-01-01,0,1970-01-01,1,0,1048320,999999,1,0,0,1,2,0,0,0,1,524160, ,2, ,20160,0,3,1,10080,10080,0,10080,,,,,,,,7.68,,1.73,CPG,,,
CFGB09,LDC2,0,0,1,2023-08-07,0.01,0,0,11,86400,0, ,, ,0,259200,0,,0,1,0,0,0,1,0,0,0,999,0,1,0,0,1,0,10080,0,1,1970-01-01,0,1970-01-01,1,0,1048320,999999,1,0,0,1,2,0,0,0,1,524160, ,2, ,20160,0,3,1,10080,10080,0,10080,,,,,,,,7.68,,1.73,CPG,,,
CFGB09,LDC3,0,0,1,2023-08-07,0.01,0,0,11,86400,0, ,, ,0,259200,0,,0,1,0,0,0,1,0,0,0,999,0,1,0,0,1,0,10080,0,1,1970-01-01,0,1970-01-01,1,0,1048320,999999,1,0,0,1,2,0,0,0,1,524160, ,2, ,20160,0,3,1,10080,10080,0,10080,,,,,,,,7.68,,1.73,CPG,,,
CFGB09,Storage_Outsource,0,0,1,2023-08-07,0.01,0,0,11,86400,0, ,, ,0,259200,0,,0,1,0,0,0,1,0,0,0,999,0,1,0,0,1,0,10080,0,1,1970-01-01,0,1970-01-01,1,0,1048320,999999,1,0,0,1,2,0,0,0,1,524160, ,2, ,20160,0,3,1,1440,1440,0,0,,,,,,,,0,,0.86,CPG,,,
CFGB08,Copacker1,0,0,1,2023-08-07,0.01,0,0,11,86400,0, ,, ,0,259200,0,,0,1,0,0,0,1,0,0,0,999,0,1,0,0,1,0,10080,0,1,1970-01-01,0,1970-01-01,1,0,1048320,999999,1,0,0,1,2,0,0,0,1,524160, ,2, ,20160,0,3,1,1440,1440,0,0,,,,,,,,0,,0.72,CPG,,,
CFGB08,Copacker2,0,0,1,2023-08-07,0.01,0,0,11,86400,0, ,, ,0,259200,0,,0,1,0,0,0,1,0,0,0,999,0,1,0,0,1,0,10080,0,1,1970-01-01,0,1970-01-01,1,0,1048320,999999,1,0,0,1,2,0,0,0,1,524160, ,2, ,20160,0,3,1,1440,1440,0,0,,,,,,,,0,,0.72,CPG,,,
CFGB08,External_Copacker,0,0,1,2023-08-07,0.01,0,0,11,86400,0, ,, ,0,259200,0,,0,1,0,0,0,1,0,0,0,999,0,1,0,0,1,0,10080,0,1,1970-01-01,0,1970-01-01,1,0,1048320,999999,1,0,0,1,2,0,0,0,1,524160, ,2, ,20160,0,3,1,1440,1440,0,0,,,,,,,,0,,0.72,CPG,,,
CFGB08,RDC,0,0,1,2023-08-07,0.01,0,0,11,86400,0, ,, ,0,259200,0,,0,1,0,0,0,1,0,0,0,999,0,1,0,0,1,0,10080,0,1,1970-01-01,0,1970-01-01,1,0,1048320,999999,1,0,0,1,2,0,0,0,1,524160, ,2, ,20160,0,3,1,10080,10080,0,10080,,,,,,,,6.4,,1.44,CPG,,,
CFGB08,LDC1,0,0,1,2023-08-07,0.01,0,0,11,86400,0, ,, ,0,259200,0,,0,1,0,0,0,1,0,0,0,999,0,1,0,0,1,0,10080,0,1,1970-01-01,0,1970-01-01,1,0,1048320,999999,1,0,0,1,2,0,0,0,1,524160, ,2, ,20160,0,3,1,10080,10080,0,10080,,,,,,,,6.4,,1.44,CPG,,,
CFGB08,LDC2,0,0,1,2023-08-07,0.01,0,0,11,86400,0, ,, ,0,259200,0,,0,1,0,0,0,1,0,0,0,999,0,1,0,0,1,0,10080,0,1,1970-01-01,0,1970-01-01,1,0,1048320,999999,1,0,0,1,2,0,0,0,1,524160, ,2, ,20160,0,3,1,10080,10080,0,10080,,,,,,,,6.4,,1.44,CPG,,,
CFGB08,LDC3,0,0,1,2023-08-07,0.01,0,0,11,86400,0, ,, ,0,259200,0,,0,1,0,0,0,1,0,0,0,999,0,1,0,0,1,0,10080,0,1,1970-01-01,0,1970-01-01,1,0,1048320,999999,1,0,0,1,2,0,0,0,1,524160, ,2, ,20160,0,3,1,10080,10080,0,10080,,,,,,,,6.4,,1.44,CPG,,,
CFGB08,Storage_Outsource,0,0,1,2023-08-07,0.01,0,0,11,86400,0, ,, ,0,259200,0,,0,1,0,0,0,1,0,0,0,999,0,1,0,0,1,0,10080,0,1,1970-01-01,0,1970-01-01,1,0,1048320,999999,1,0,0,1,2,0,0,0,1,524160, ,2, ,20160,0,3,1,1440,1440,0,0,,,,,,,,0,,0.72,CPG,,,
CFGB07,Copacker1,0,0,1,2023-08-07,0.01,0,0,11,86400,0, ,, ,0,259200,0,,0,1,0,0,0,1,0,0,0,999,0,1,0,0,1,0,10080,0,1,1970-01-01,0,1970-01-01,1,0,1048320,999999,1,0,0,1,2,0,0,0,1,524160, ,2, ,20160,0,3,1,1440,1440,0,0,,,,,,,,0,,0.9,CPG,,,
CFGB07,Copacker2,0,0,1,2023-08-07,0.01,0,0,11,86400,0, ,, ,0,259200,0,,0,1,0,0,0,1,0,0,0,999,0,1,0,0,1,0,10080,0,1,1970-01-01,0,1970-01-01,1,0,1048320,999999,1,0,0,1,2,0,0,0,1,524160, ,2, ,20160,0,3,1,1440,1440,0,0,,,,,,,,0,,0.9,CPG,,,
CFGB07,External_Copacker,0,0,1,2023-08-07,0.01,0,0,11,86400,0, ,, ,0,259200,0,,0,1,0,0,0,1,0,0,0,999,0,1,0,0,1,0,10080,0,1,1970-01-01,0,1970-01-01,1,0,1048320,999999,1,0,0,1,2,0,0,0,1,524160, ,2, ,20160,0,3,1,1440,1440,0,0,,,,,,,,0,,0.9,CPG,,,
CFGB07,RDC,0,0,1,2023-08-07,0.01,0,0,11,86400,0, ,, ,0,259200,0,,0,1,0,0,0,1,0,0,0,999,0,1,0,0,1,0,10080,0,1,1970-01-01,0,1970-01-01,1,0,1048320,999999,1,0,0,1,2,0,0,0,1,524160, ,2, ,20160,0,3,1,10080,10080,0,10080,,,,,,,,8,,1.8,CPG,,,
CFGB07,LDC1,0,0,1,2023-08-07,0.01,0,0,11,86400,0, ,, ,0,259200,0,,0,1,0,0,0,1,0,0,0,999,0,1,0,0,1,0,10080,0,1,1970-01-01,0,1970-01-01,1,0,1048320,999999,1,0,0,1,2,0,0,0,1,524160, ,2, ,20160,0,3,1,10080,10080,0,10080,,,,,,,,8,,1.8,CPG,,,
CFGB07,LDC2,0,0,1,2023-08-07,0.01,0,0,11,86400,0, ,, ,0,259200,0,,0,1,0,0,0,1,0,0,0,999,0,1,0,0,1,0,10080,0,1,1970-01-01,0,1970-01-01,1,0,1048320,999999,1,0,0,1,2,0,0,0,1,524160, ,2, ,20160,0,3,1,10080,10080,0,10080,,,,,,,,8,,1.8,CPG,,,
CFGB07,LDC3,0,0,1,2023-08-07,0.01,0,0,11,86400,0, ,, ,0,259200,0,,0,1,0,0,0,1,0,0,0,999,0,1,0,0,1,0,10080,0,1,1970-01-01,0,1970-01-01,1,0,1048320,999999,1,0,0,1,2,0,0,0,1,524160, ,2, ,20160,0,3,1,10080,10080,0,10080,,,,,,,,8,,1.8,CPG,,,
CFGB07,Storage_Outsource,0,0,1,2023-08-07,0.01,0,0,11,86400,0, ,, ,0,259200,0,,0,1,0,0,0,1,0,0,0,999,0,1,0,0,1,0,10080,0,1,1970-01-01,0,1970-01-01,1,0,1048320,999999,1,0,0,1,2,0,0,0,1,524160, ,2, ,20160,0,3,1,1440,1440,0,0,,,,,,,,0,,0.9,CPG,,,
CFGB06,Copacker1,0,0,1,2023-08-07,0.01,0,0,11,86400,0, ,, ,0,259200,0,,0,1,0,0,0,1,0,0,0,999,0,1,0,0,1,0,10080,0,1,1970-01-01,0,1970-01-01,1,0,1048320,999999,1,0,0,1,2,0,0,0,1,524160, ,2, ,20160,0,3,1,1440,1440,0,0,,,,,,,,0,,1.08,CPG,,,
CFGB06,Copacker2,0,0,1,2023-08-07,0.01,0,0,11,86400,0, ,, ,0,259200,0,,0,1,0,0,0,1,0,0,0,999,0,1,0,0,1,0,10080,0,1,1970-01-01,0,1970-01-01,1,0,1048320,999999,1,0,0,1,2,0,0,0,1,524160, ,2, ,20160,0,3,1,1440,1440,0,0,,,,,,,,0,,1.08,CPG,,,
CFGB06,External_Copacker,0,0,1,2023-08-07,0.01,0,0,11,86400,0, ,, ,0,259200,0,,0,1,0,0,0,1,0,0,0,999,0,1,0,0,1,0,10080,0,1,1970-01-01,0,1970-01-01,1,0,1048320,999999,1,0,0,1,2,0,0,0,1,524160, ,2, ,20160,0,3,1,1440,1440,0,0,,,,,,,,0,,1.08,CPG,,,
CFGB06,RDC,0,0,1,2023-08-07,0.01,0,0,11,86400,0, ,, ,0,259200,0,,0,1,0,0,0,1,0,0,0,999,0,1,0,0,1,0,10080,0,1,1970-01-01,0,1970-01-01,1,0,1048320,999999,1,0,0,1,2,0,0,0,1,524160, ,2, ,20160,0,3,1,10080,10080,0,10080,,,,,,,,9.6,,2.16,CPG,,,
CFGB06,LDC1,0,0,1,2023-08-07,0.01,0,0,11,86400,0, ,, ,0,259200,4320,,1440,0.5,0,0.6,100,1,0,0,0,999,0,1,0,0,1,0,10080,0,1,1970-01-01,0,1970-01-01,1,0,1048320,999999,1,0,0,1,2,0,0,0,1,524160, ,2, ,20160,0,3,1,10080,10080,0,10080,,,,,,,,9.6,,2.16,CPG,,,
CFGB06,LDC2,0,0,1,2023-08-07,0.01,0,0,11,86400,0, ,, ,0,259200,0,,0,1,0,0,0,1,0,0,0,999,0,1,0,0,1,0,10080,0,1,1970-01-01,0,1970-01-01,1,0,1048320,999999,1,0,0,1,2,0,0,0,1,524160, ,2, ,20160,0,3,1,10080,10080,0,10080,,,,,,,,9.6,,2.16,CPG,,,
CFGB06,LDC3,0,0,1,2023-08-07,0.01,0,0,9,86400,0, ,, ,0,259200,0,,0,1,0,0,0,1,0,0,0,999,0,1,0,0,1,0,10080,0,1,1970-01-01,0,1970-01-01,1,0,1048320,999999,1,0,0,1,2,0,0,0,1,524160, ,2, ,20160,0,3,1,10080,10080,0,10080,,,,,,,,9.6,,2.16,CPG,,,
CFGB06,Storage_Outsource,0,0,1,2023-08-07,0.01,0,0,11,86400,0, ,, ,0,259200,0,,0,1,0,0,0,1,0,0,0,999,0,1,0,0,1,0,10080,0,1,1970-01-01,0,1970-01-01,1,0,1048320,999999,1,0,0,1,2,0,0,0,1,524160, ,2, ,20160,0,3,1,1440,1440,0,0,,,,,,,,0,,1.08,CPG,,,
CFGB05,Copacker1,0,0,1,2023-08-07,0.01,0,0,11,86400,0, ,, ,0,259200,0,,0,1,0,0,0,1,0,0,0,999,0,1,0,0,1,0,10080,0,1,1970-01-01,0,1970-01-01,1,0,1048320,999999,1,0,0,1,2,0,0,0,1,524160, ,2, ,20160,0,3,1,1440,1440,0,0,,,,,,,,0,,0.72,CPG,,,
CFGB05,Copacker2,0,0,1,2023-08-07,0.01,0,0,11,86400,0, ,, ,0,259200,0,,0,1,0,0,0,1,0,0,0,999,0,1,0,0,1,0,10080,0,1,1970-01-01,0,1970-01-01,1,0,1048320,999999,1,0,0,1,2,0,0,0,1,524160, ,2, ,20160,0,3,1,1440,1440,0,0,,,,,,,,0,,0.72,CPG,,,
CFGB05,External_Copacker,0,0,1,2023-08-07,0.01,0,0,11,86400,0, ,, ,0,259200,0,,0,1,0,0,0,1,0,0,0,999,0,1,0,0,1,0,10080,0,1,1970-01-01,0,1970-01-01,1,0,1048320,999999,1,0,0,1,2,0,0,0,1,524160, ,2, ,20160,0,3,1,1440,1440,0,0,,,,,,,,0,,0.72,CPG,,,
CFGB05,RDC,0,0,1,2023-08-07,0.01,0,0,11,86400,0, ,, ,0,259200,0,,0,1,0,0,0,1,0,0,0,999,0,1,0,0,1,0,10080,0,1,1970-01-01,0,1970-01-01,1,0,1048320,999999,1,0,0,1,2,0,0,0,1,524160, ,2, ,20160,0,3,1,10080,10080,0,10080,,,,,,,,6.4,,1.44,CPG,,,
CFGB05,LDC1,0,0,1,2023-08-07,0.01,0,0,11,86400,0, ,, ,0,259200,4320,,1440,0.5,0,0.6,100,1,0,0,0,999,0,1,0,0,1,0,10080,0,1,1970-01-01,0,1970-01-01,1,0,1048320,999999,1,0,0,1,2,0,0,0,1,524160, ,2, ,20160,0,3,1,10080,10080,0,10080,,,,,,,,6.4,,1.44,CPG,,,
CFGB05,LDC2,0,0,1,2023-08-07,0.01,0,0,11,86400,0, ,, ,0,259200,0,,0,1,0,0,0,1,0,0,0,999,0,1,0,0,1,0,10080,0,1,1970-01-01,0,1970-01-01,1,0,1048320,999999,1,0,0,1,2,0,0,0,1,524160, ,2, ,20160,0,3,1,10080,10080,0,10080,,,,,,,,6.4,,1.44,CPG,,,
CFGB05,LDC3,0,0,1,2023-08-07,0.01,0,0,11,86400,0, ,, ,0,259200,0,,0,1,0,0,0,1,0,0,0,999,0,1,0,0,1,0,10080,0,1,1970-01-01,0,1970-01-01,1,0,1048320,999999,1,0,0,1,2,0,0,0,1,524160, ,2, ,20160,0,3,1,10080,10080,0,10080,,,,,,,,6.4,,1.44,CPG,,,
CFGB05,Storage_Outsource,0,0,1,2023-08-07,0.01,0,0,11,86400,0, ,, ,0,259200,0,,0,1,0,0,0,1,0,0,0,999,0,1,0,0,1,0,10080,0,1,1970-01-01,0,1970-01-01,1,0,1048320,999999,1,0,0,1,2,0,0,0,1,524160, ,2, ,20160,0,3,1,1440,1440,0,0,,,,,,,,0,,0.72,CPG,,,
CFGB04,Copacker1,0,0,1,2023-08-07,0.01,0,0,11,86400,0, ,, ,0,259200,0,,0,1,0,0,0,1,0,0,0,999,0,1,0,0,1,0,10080,0,1,1970-01-01,0,1970-01-01,1,0,1048320,999999,1,0,0,1,2,0,0,0,1,524160, ,2, ,20160,0,3,1,1440,1440,0,0,,,,,,,,0,,3.69,CPG,,,
CFGB04,Copacker2,0,0,1,2023-08-07,0.01,0,0,11,86400,0, ,, ,0,259200,0,,0,1,0,0,0,1,0,0,0,999,0,1,0,0,1,0,10080,0,1,1970-01-01,0,1970-01-01,1,0,1048320,999999,1,0,0,1,2,0,0,0,1,524160, ,2, ,20160,0,3,1,1440,1440,0,0,,,,,,,,0,,3.69,CPG,,,
CFGB04,External_Copacker,0,0,1,2023-08-07,0.01,0,0,11,86400,0, ,, ,0,259200,0,,0,1,0,0,0,1,0,0,0,999,0,1,0,0,1,0,10080,0,1,1970-01-01,0,1970-01-01,1,0,1048320,999999,1,0,0,1,2,0,0,0,1,524160, ,2, ,20160,0,3,1,1440,1440,0,0,,,,,,,,0,,3.69,CPG,,,
CFGB04,RDC,0,0,1,2023-08-07,0.01,0,0,11,86400,0, ,, ,0,259200,0,,0,1,0,0,0,1,0,0,0,999,0,1,0,0,1,0,10080,0,1,1970-01-01,0,1970-01-01,1,0,1048320,999999,1,0,0,1,2,0,0,0,1,524160, ,2, ,20160,0,3,1,10080,10080,0,10080,,,,,,,,32.96,,7.39,CPG,,,
CFGB04,LDC1,0,0,1,2023-08-07,0.01,0,0,11,86400,0, ,, ,0,259200,4320,,1440,0.5,0,0.6,100,1,0,0,0,999,0,1,0,0,1,0,10080,0,1,1970-01-01,0,1970-01-01,1,0,1048320,999999,1,0,0,1,2,0,0,0,1,524160, ,2, ,20160,0,3,1,10080,10080,0,10080,,,,,,,,32.96,,7.39,CPG,,,
CFGB04,LDC2,0,0,1,2023-08-07,0.01,0,0,11,86400,0, ,, ,0,259200,0,,0,1,0,0,0,1,0,0,0,999,0,1,0,0,1,0,10080,0,1,1970-01-01,0,1970-01-01,1,0,1048320,999999,1,0,0,1,2,0,0,0,1,524160, ,2, ,20160,0,3,1,10080,10080,0,10080,,,,,,,,32.96,,7.39,CPG,,,
CFGB04,LDC3,0,0,1,2023-08-07,0.01,0,0,11,86400,0, ,, ,0,259200,0,,0,1,0,0,0,1,0,0,0,999,0,1,0,0,1,0,10080,0,1,1970-01-01,0,1970-01-01,1,0,1048320,999999,1,0,0,1,2,0,0,0,1,524160, ,2, ,20160,0,3,1,10080,10080,0,10080,,,,,,,,32.96,,7.39,CPG,,,
CFGB04,Storage_Outsource,0,0,1,2023-08-07,0.01,0,0,11,86400,0, ,, ,0,259200,0,,0,1,0,0,0,1,0,0,0,999,0,1,0,0,1,0,10080,0,1,1970-01-01,0,1970-01-01,1,0,1048320,999999,1,0,0,1,2,0,0,0,1,524160, ,2, ,20160,0,3,1,1440,1440,0,0,,,,,,,,0,,3.69,CPG,,,
CFGB03,Copacker1,0,0,1,2023-08-07,0.01,0,0,11,86400,0, ,, ,0,259200,0,,0,1,0,0,0,1,0,0,0,999,0,1,0,0,1,0,10080,0,1,1970-01-01,0,1970-01-01,1,0,1048320,999999,1,0,0,1,2,0,0,0,1,524160, ,2, ,20160,0,3,1,1440,1440,0,0,,,,,,,,0,,1.94,CPG,,,
CFGB03,Copacker2,0,0,1,2023-08-07,0.01,0,0,11,86400,0, ,, ,0,259200,0,,0,1,0,0,0,1,0,0,0,999,0,1,0,0,1,0,10080,0,1,1970-01-01,0,1970-01-01,1,0,1048320,999999,1,0,0,1,2,0,0,0,1,524160, ,2, ,20160,0,3,1,1440,1440,0,0,,,,,,,,0,,1.94,CPG,,,
CFGB03,External_Copacker,0,0,1,2023-08-07,0.01,0,0,11,86400,0, ,, ,0,259200,0,,0,1,0,0,0,1,0,0,0,999,0,1,0,0,1,0,10080,0,1,1970-01-01,0,1970-01-01,1,0,1048320,999999,1,0,0,1,2,0,0,0,1,524160, ,2, ,20160,0,3,1,1440,1440,0,0,,,,,,,,0,,1.94,CPG,,,
CFGB03,RDC,0,0,1,2023-08-07,0.01,0,0,11,86400,0, ,, ,0,259200,0,,0,1,0,0,0,1,0,0,0,999,0,1,0,0,1,0,10080,0,1,1970-01-01,0,1970-01-01,1,0,1048320,999999,1,0,0,1,2,0,0,0,1,524160, ,2, ,20160,0,3,1,10080,10080,0,10080,,,,,,,,17.28,,3.89,CPG,,,
CFGB03,LDC1,0,0,1,2023-08-07,0.01,0,0,11,86400,0, ,, ,0,259200,4320,,1440,0.5,0,0.6,100,1,0,0,0,999,0,1,0,0,1,0,10080,0,1,1970-01-01,0,1970-01-01,1,0,1048320,999999,1,0,0,1,2,0,0,0,1,524160, ,2, ,20160,0,3,1,10080,10080,0,10080,,,,,,,,17.28,,3.89,CPG,,,
CFGB03,LDC2,0,0,1,2023-08-07,0.01,0,0,11,86400,0, ,, ,0,259200,0,,0,1,0,0,0,1,0,0,0,999,0,1,0,0,1,0,10080,0,1,1970-01-01,0,1970-01-01,1,0,1048320,999999,1,0,0,1,2,0,0,0,1,524160, ,2, ,20160,0,3,1,10080,10080,0,10080,,,,,,,,17.28,,3.89,CPG,,,
CFGB03,LDC3,0,0,1,2023-08-07,0.01,0,0,11,86400,0, ,, ,0,259200,0,,0,1,0,0,0,1,0,0,0,999,0,1,0,0,1,0,10080,0,1,1970-01-01,0,1970-01-01,1,0,1048320,999999,1,0,0,1,2,0,0,0,1,524160, ,2, ,20160,0,3,1,10080,10080,0,10080,,,,,,,,17.28,,3.89,CPG,,,
CFGB03,Storage_Outsource,0,0,1,2023-08-07,0.01,0,0,11,86400,0, ,, ,0,259200,0,,0,1,0,0,0,1,0,0,0,999,0,1,0,0,1,0,10080,0,1,1970-01-01,0,1970-01-01,1,0,1048320,999999,1,0,0,1,2,0,0,0,1,524160, ,2, ,20160,0,3,1,1440,1440,0,0,,,,,,,,0,,1.94,CPG,,,
CFGB02,Copacker1,0,0,1,2023-08-07,0.01,0,0,11,86400,0, ,, ,0,259200,0,,0,1,0,0,0,1,0,0,0,999,0,1,0,0,1,0,10080,0,1,1970-01-01,0,1970-01-01,1,0,1048320,999999,1,0,0,1,2,0,0,0,1,524160, ,2, ,20160,0,3,1,1440,1440,0,0,,,,,,,,0,,0.68,CPG,,,
CFGB02,Copacker2,0,0,1,2023-08-07,0.01,0,0,11,86400,0, ,, ,0,259200,0,,0,1,0,0,0,1,0,0,0,999,0,1,0,0,1,0,10080,0,1,1970-01-01,0,1970-01-01,1,0,1048320,999999,1,0,0,1,2,0,0,0,1,524160, ,2, ,20160,0,3,1,1440,1440,0,0,,,,,,,,0,,0.68,CPG,,,
CFGB02,External_Copacker,0,0,1,2023-08-07,0.01,0,0,11,86400,0, ,, ,0,259200,0,,0,1,0,0,0,1,0,0,0,999,0,1,0,0,1,0,10080,0,1,1970-01-01,0,1970-01-01,1,0,1048320,999999,1,0,0,1,2,0,0,0,1,524160, ,2, ,20160,0,3,1,1440,1440,0,0,,,,,,,,0,,0.68,CPG,,,
CFGB02,RDC,0,0,1,2023-08-07,0.01,0,0,11,86400,0, ,, ,0,259200,0,,0,1,0,0,0,1,0,0,0,999,0,1,0,0,1,0,10080,0,1,1970-01-01,0,1970-01-01,1,0,1048320,999999,1,0,0,1,2,0,0,0,1,524160, ,2, ,20160,0,3,1,10080,10080,0,10080,,,,,,,,6.08,,1.37,CPG,,,
CFGB02,LDC1,0,0,1,2023-08-07,0.01,0,0,11,86400,0, ,, ,0,259200,4320,,1440,0.5,0,0.6,100,1,0,0,0,999,0,1,0,0,1,0,10080,0,1,1970-01-01,0,1970-01-01,1,0,1048320,999999,1,0,0,1,2,0,0,0,1,524160, ,2, ,20160,0,3,1,10080,10080,0,10080,,,,,,,,6.08,,1.37,CPG,,,
CFGB02,LDC2,0,0,1,2023-08-07,0.01,0,0,11,86400,0, ,, ,0,259200,0,,0,1,0,0,0,1,0,0,0,999,0,1,0,0,1,0,10080,0,1,1970-01-01,0,1970-01-01,1,0,1048320,999999,1,0,0,1,2,0,0,0,1,524160, ,2, ,20160,0,3,1,10080,10080,0,10080,,,,,,,,6.08,,1.37,CPG,,,
CFGB02,LDC3,0,0,1,2023-08-07,0.01,0,0,11,86400,0, ,, ,0,259200,0,,0,1,0,0,0,1,0,0,0,999,0,1,0,0,1,0,10080,0,1,1970-01-01,0,1970-01-01,1,0,1048320,999999,1,0,0,1,2,0,0,0,1,524160, ,2, ,20160,0,3,1,10080,10080,0,10080,,,,,,,,6.08,,1.37,CPG,,,
CFGB02,Storage_Outsource,0,0,1,2023-08-07,0.01,0,0,11,86400,0, ,, ,0,259200,0,,0,1,0,0,0,1,0,0,0,999,0,1,0,0,1,0,10080,0,1,1970-01-01,0,1970-01-01,1,0,1048320,999999,1,0,0,1,2,0,0,0,1,524160, ,2, ,20160,0,3,1,1440,1440,0,0,,,,,,,,0,,0.68,CPG,,,
CFGB01,Copacker1,0,0,1,2023-08-07,0.01,0,0,11,86400,0, ,, ,0,259200,0,,0,1,0,0,0,1,0,0,0,999,0,1,0,0,1,0,10080,0,1,1970-01-01,0,1970-01-01,1,0,1048320,999999,1,0,0,1,2,0,0,0,1,524160, ,2, ,20160,0,3,1,1440,1440,0,0,,,,,,,,0,,0.36,CPG,,,
CFGB01,Copacker2,0,0,1,2023-08-07,0.01,0,0,11,86400,0, ,, ,0,259200,0,,0,1,0,0,0,1,0,0,0,999,0,1,0,0,1,0,10080,0,1,1970-01-01,0,1970-01-01,1,0,1048320,999999,1,0,0,1,2,0,0,0,1,524160, ,2, ,20160,0,3,1,1440,1440,0,0,,,,,,,,0,,0.36,CPG,,,
CFGB01,External_Copacker,0,0,1,2023-08-07,0.01,0,0,11,86400,0, ,, ,0,259200,0,,0,1,0,0,0,1,0,0,0,999,0,1,0,0,1,0,10080,0,1,1970-01-01,0,1970-01-01,1,0,1048320,999999,1,0,0,1,2,0,0,0,1,524160, ,2, ,20160,0,3,1,1440,1440,0,0,,,,,,,,0,,0.36,CPG,,,
CFGB01,RDC,0,0,1,2023-08-07,0.01,0,0,11,86400,0, ,, ,0,259200,0,,0,1,0,0,0,1,0,0,0,999,0,1,0,0,1,0,10080,0,1,1970-01-01,0,1970-01-01,1,0,1048320,999999,1,0,0,1,2,0,0,0,1,524160, ,2, ,20160,0,3,1,10080,10080,0,10080,,,,,,,,3.2,,0.72,CPG,,,
CFGB01,LDC1,0,0,1,2023-08-07,0.01,0,0,11,86400,0, ,, ,0,259200,4320,,1440,0.5,0,0.6,100,1,0,0,0,999,0,1,0,0,1,0,10080,0,1,1970-01-01,0,1970-01-01,1,0,1048320,999999,1,0,0,1,2,0,0,0,1,524160, ,2, ,20160,0,3,1,10080,10080,0,10080,,,,,,,,3.2,,0.72,CPG,,,
CFGB01,LDC2,0,0,1,2023-08-07,0.01,0,0,11,86400,0, ,, ,0,259200,0,,0,0.8,0,0,0,1,0,0,0,999,0,1,0,0,1,0,10080,0,1,1970-01-01,0,1970-01-01,1,0,1048320,999999,1,0,0,1,2,0,0,0,1,524160, ,2, ,20160,0,3,1,10080,10080,0,10080,,,,,,,,3.2,,0.72,CPG,,,
CFGB01,LDC3,0,0,1,2023-08-07,0.01,0,0,11,86400,0, ,, ,0,259200,0,,0,1,0,0,0,1,0,0,0,999,0,1,0,0,1,0,10080,0,1,1970-01-01,0,1970-01-01,1,0,1048320,999999,1,0,0,1,2,0,0,0,1,524160, ,2, ,20160,0,3,1,10080,10080,0,10080,,,,,,,,3.2,,0.72,CPG,,,
CFGB01,Storage_Outsource,0,0,1,2023-08-07,0.01,0,0,11,86400,0, ,, ,0,259200,0,,0,1,0,0,0,1,0,0,0,999,0,1,0,0,1,0,10080,0,1,1970-01-01,0,1970-01-01,1,0,1048320,999999,1,0,0,1,2,0,0,0,1,524160, ,2, ,20160,0,3,1,1440,1440,0,0,,,,,,,,0,,0.36,CPG,,,
